,energy_prices,total_load,day_ahead_solar_forecast,wind_forecast,hour_sin,hour_cos,day_of_year_sin,day_of_year_cos,weekday_0,weekday_1,weekday_2,weekday_3,weekday_4,weekday_5,weekday_6,month_1,month_2
2024-01-01 00:00:00+01:00,65.93,65523.9,0.0,26786.1,0.0,1.0,0.01716632975470737,0.9998526477050269,1,0,0,0,0,0,0,1,0
2024-01-01 01:00:00+01:00,59.23,64909.5,0.0,22269.6,0.25881904510252074,0.9659258262890683,0.01716632975470737,0.9998526477050269,1,0,0,0,0,0,0,1,0
2024-01-01 02:00:00+01:00,69.69,61855.8,370.9,23263.4,0.49999999999999994,0.8660254037844387,0.01716632975470737,0.9998526477050269,1,0,0,0,0,0,0,1,0
2024-01-01 03:00:00+01:00,53.08,57581.4,0.0,26193.6,0.7071067811865475,0.7071067811865476,0.01716632975470737,0.9998526477050269,1,0,0,0,0,0,0,1,0
2024-01-01 04:00:00+01:00,59.22,54348.2,456.0,23993.0,0.8660254037844386,0.5000000000000001,0.01716632975470737,0.9998526477050269,1,0,0,0,0,0,0,1,0
2024-01-01 05:00:00+01:00,57.78,51229.0,383.4,23426.5,0.9659258262890683,0.25881904510252074,0.01716632975470737,0.9998526477050269,1,0,0,0,0,0,0,1,0
2024-01-01 06:00:00+01:00,41.14,49691.1,0.0,23048.4,1.0,6.123233995736766e-17,0.01716632975470737,0.9998526477050269,1,0,0,0,0,0,0,1,0
2024-01-01 07:00:00+01:00,44.44,50223.4,0.0,27952.3,0.9659258262890683,-0.25881904510252063,0.01716632975470737,0.9998526477050269,1,0,0,0,0,0,0,1,0
2024-01-01 08:00:00+01:00,42.62,53152.9,2426.7,26115.1,0.8660254037844387,-0.49999999999999983,0.01716632975470737,0.9998526477050269,1,0,0,0,0,0,0,1,0
2024-01-01 09:00:00+01:00,58.23,57413.8,4865.2,25515.9,0.7071067811865476,-0.7071067811865475,0.01716632975470737,0.9998526477050269,1,0,0,0,0,0,0,1,0
2024-01-01 10:00:00+01:00,53.35,61525.3,7113.3,27222.1,0.49999999999999994,-0.8660254037844387,0.01716632975470737,0.9998526477050269,1,0,0,0,0,0,0,1,0
2024-01-01 11:00:00+01:00,64.12,64488.5,7584.1,27742.7,0.258819045102521,-0.9659258262890682,0.01716632975470737,0.9998526477050269,1,0,0,0,0,0,0,1,0
2024-01-01 12:00:00+01:00,57.78,64273.8,7801.1,24186.2,1.2246467991473532e-16,-1.0,0.01716632975470737,0.9998526477050269,1,0,0,0,0,0,0,1,0
2024-01-01 13:00:00+01:00,61.14,64218.8,7124.8,26895.5,-0.2588190451025208,-0.9659258262890683,0.01716632975470737,0.9998526477050269,1,0,0,0,0,0,0,1,0
2024-01-01 14:00:00+01:00,62.44,61965.0,5142.2,26907.3,-0.4999999999999998,-0.8660254037844388,0.01716632975470737,0.9998526477050269,1,0,0,0,0,0,0,1,0
2024-01-01 15:00:00+01:00,51.24,55809.7,2628.3,26766.8,-0.7071067811865471,-0.7071067811865479,0.01716632975470737,0.9998526477050269,1,0,0,0,0,0,0,1,0
2024-01-01 16:00:00+01:00,70.63,55210.1,0.0,27998.6,-0.8660254037844384,-0.5000000000000004,0.01716632975470737,0.9998526477050269,1,0,0,0,0,0,0,1,0
2024-01-01 17:00:00+01:00,42.85,50061.1,359.3,27990.3,-0.9659258262890683,-0.25881904510252063,0.01716632975470737,0.9998526477050269,1,0,0,0,0,0,0,1,0
2024-01-01 18:00:00+01:00,46.47,50219.6,0.0,27536.1,-1.0,-1.8369701987210297e-16,0.01716632975470737,0.9998526477050269,1,0,0,0,0,0,0,1,0
2024-01-01 19:00:00+01:00,49.44,50549.5,124.8,29849.6,-0.9659258262890684,0.2588190451025203,0.01716632975470737,0.9998526477050269,1,0,0,0,0,0,0,1,0
2024-01-01 20:00:00+01:00,45.98,55090.9,452.4,26103.0,-0.8660254037844386,0.5000000000000001,0.01716632975470737,0.9998526477050269,1,0,0,0,0,0,0,1,0
2024-01-01 21:00:00+01:00,82.69,57963.5,581.0,26865.4,-0.7071067811865477,0.7071067811865474,0.01716632975470737,0.9998526477050269,1,0,0,0,0,0,0,1,0
2024-01-01 22:00:00+01:00,58.13,59211.1,0.0,28450.2,-0.5000000000000004,0.8660254037844384,0.01716632975470737,0.9998526477050269,1,0,0,0,0,0,0,1,0
2024-01-01 23:00:00+01:00,61.92,62428.4,0.0,25707.4,-0.25881904510252157,0.9659258262890681,0.01716632975470737,0.9998526477050269,1,0,0,0,0,0,0,1,0
2024-01-02 00:00:00+01:00,68.6,64344.6,594.8,27323.1,0.0,1.0,0.034327600513243496,0.9994106342455052,0,1,0,0,0,0,0,1,0
2024-01-02 01:00:00+01:00,70.3,64260.0,127.7,30127.3,0.25881904510252074,0.9659258262890683,0.034327600513243496,0.9994106342455052,0,1,0,0,0,0,0,1,0
2024-01-02 02:00:00+01:00,59.92,61497.2,63.2,26566.3,0.49999999999999994,0.8660254037844387,0.034327600513243496,0.9994106342455052,0,1,0,0,0,0,0,1,0
2024-01-02 03:00:00+01:00,56.62,57809.1,0.0,26805.1,0.7071067811865475,0.7071067811865476,0.034327600513243496,0.9994106342455052,0,1,0,0,0,0,0,1,0
2024-01-02 04:00:00+01:00,49.24,53679.4,0.0,29337.6,0.8660254037844386,0.5000000000000001,0.034327600513243496,0.9994106342455052,0,1,0,0,0,0,0,1,0
2024-01-02 05:00:00+01:00,50.27,49800.2,712.8,30801.4,0.9659258262890683,0.25881904510252074,0.034327600513243496,0.9994106342455052,0,1,0,0,0,0,0,1,0
2024-01-02 06:00:00+01:00,55.5,48552.0,0.0,27288.5,1.0,6.123233995736766e-17,0.034327600513243496,0.9994106342455052,0,1,0,0,0,0,0,1,0
2024-01-02 07:00:00+01:00,52.71,50117.5,371.3,28652.0,0.9659258262890683,-0.25881904510252063,0.034327600513243496,0.9994106342455052,0,1,0,0,0,0,0,1,0
2024-01-02 08:00:00+01:00,67.11,53234.8,2744.6,28984.8,0.8660254037844387,-0.49999999999999983,0.034327600513243496,0.9994106342455052,0,1,0,0,0,0,0,1,0
2024-01-02 09:00:00+01:00,54.62,56596.6,4549.9,30207.4,0.7071067811865476,-0.7071067811865475,0.034327600513243496,0.9994106342455052,0,1,0,0,0,0,0,1,0
2024-01-02 10:00:00+01:00,71.05,62248.0,7178.5,28403.1,0.49999999999999994,-0.8660254037844387,0.034327600513243496,0.9994106342455052,0,1,0,0,0,0,0,1,0
2024-01-02 11:00:00+01:00,55.41,63380.5,7837.3,31079.5,0.258819045102521,-0.9659258262890682,0.034327600513243496,0.9994106342455052,0,1,0,0,0,0,0,1,0
2024-01-02 12:00:00+01:00,75.76,65082.4,7305.8,25633.4,1.2246467991473532e-16,-1.0,0.034327600513243496,0.9994106342455052,0,1,0,0,0,0,0,1,0
2024-01-02 13:00:00+01:00,75.83,63965.4,6976.5,28983.0,-0.2588190451025208,-0.9659258262890683,0.034327600513243496,0.9994106342455052,0,1,0,0,0,0,0,1,0
2024-01-02 14:00:00+01:00,74.19,62006.2,5007.6,28368.6,-0.4999999999999998,-0.8660254037844388,0.034327600513243496,0.9994106342455052,0,1,0,0,0,0,0,1,0
2024-01-02 15:00:00+01:00,64.87,57375.4,2697.0,26677.5,-0.7071067811865471,-0.7071067811865479,0.034327600513243496,0.9994106342455052,0,1,0,0,0,0,0,1,0
2024-01-02 16:00:00+01:00,66.31,54628.1,0.0,31936.7,-0.8660254037844384,-0.5000000000000004,0.034327600513243496,0.9994106342455052,0,1,0,0,0,0,0,1,0
2024-01-02 17:00:00+01:00,47.74,51916.3,72.1,28898.0,-0.9659258262890683,-0.25881904510252063,0.034327600513243496,0.9994106342455052,0,1,0,0,0,0,0,1,0
2024-01-02 18:00:00+01:00,41.8,48491.5,310.5,29396.3,-1.0,-1.8369701987210297e-16,0.034327600513243496,0.9994106342455052,0,1,0,0,0,0,0,1,0
2024-01-02 19:00:00+01:00,50.64,50885.1,0.0,30379.0,-0.9659258262890684,0.2588190451025203,0.034327600513243496,0.9994106342455052,0,1,0,0,0,0,0,1,0
2024-01-02 20:00:00+01:00,59.19,53644.5,0.0,30136.5,-0.8660254037844386,0.5000000000000001,0.034327600513243496,0.9994106342455052,0,1,0,0,0,0,0,1,0
2024-01-02 21:00:00+01:00,49.39,56631.0,0.0,31628.0,-0.7071067811865477,0.7071067811865474,0.034327600513243496,0.9994106342455052,0,1,0,0,0,0,0,1,0
2024-01-02 22:00:00+01:00,66.98,60548.8,24.2,29592.3,-0.5000000000000004,0.8660254037844384,0.034327600513243496,0.9994106342455052,0,1,0,0,0,0,0,1,0
2024-01-02 23:00:00+01:00,66.82,64569.1,0.0,31218.8,-0.25881904510252157,0.9659258262890681,0.034327600513243496,0.9994106342455052,0,1,0,0,0,0,0,1,0
2024-01-03 00:00:00+01:00,67.64,63539.7,0.0,32317.4,0.0,1.0,0.05147875477034653,0.9986740898848305,0,0,1,0,0,0,0,1,0
2024-01-03 01:00:00+01:00,64.28,66064.9,0.0,31409.3,0.25881904510252074,0.9659258262890683,0.05147875477034653,0.9986740898848305,0,0,1,0,0,0,0,1,0
2024-01-03 02:00:00+01:00,49.82,60877.6,295.4,33093.1,0.49999999999999994,0.8660254037844387,0.05147875477034653,0.9986740898848305,0,0,1,0,0,0,0,1,0
2024-01-03 03:00:00+01:00,47.51,55282.9,0.0,31684.4,0.7071067811865475,0.7071067811865476,0.05147875477034653,0.9986740898848305,0,0,1,0,0,0,0,1,0
2024-01-03 04:00:00+01:00,41.49,52363.1,198.5,32128.0,0.8660254037844386,0.5000000000000001,0.05147875477034653,0.9986740898848305,0,0,1,0,0,0,0,1,0
2024-01-03 05:00:00+01:00,42.97,49138.2,260.1,31969.3,0.9659258262890683,0.25881904510252074,0.05147875477034653,0.9986740898848305,0,0,1,0,0,0,0,1,0
2024-01-03 06:00:00+01:00,43.8,50642.7,291.9,29049.6,1.0,6.123233995736766e-17,0.05147875477034653,0.9986740898848305,0,0,1,0,0,0,0,1,0
2024-01-03 07:00:00+01:00,52.49,50890.2,0.0,31515.9,0.9659258262890683,-0.25881904510252063,0.05147875477034653,0.9986740898848305,0,0,1,0,0,0,0,1,0
2024-01-03 08:00:00+01:00,50.46,56191.5,2913.6,30567.9,0.8660254037844387,-0.49999999999999983,0.05147875477034653,0.9986740898848305,0,0,1,0,0,0,0,1,0
2024-01-03 09:00:00+01:00,28.96,57509.6,4697.3,32826.4,0.7071067811865476,-0.7071067811865475,0.05147875477034653,0.9986740898848305,0,0,1,0,0,0,0,1,0
2024-01-03 10:00:00+01:00,55.93,60578.3,6313.0,29312.0,0.49999999999999994,-0.8660254037844387,0.05147875477034653,0.9986740898848305,0,0,1,0,0,0,0,1,0
2024-01-03 11:00:00+01:00,67.47,64415.4,7756.6,33016.3,0.258819045102521,-0.9659258262890682,0.05147875477034653,0.9986740898848305,0,0,1,0,0,0,0,1,0
2024-01-03 12:00:00+01:00,63.75,65231.9,7680.5,31424.8,1.2246467991473532e-16,-1.0,0.05147875477034653,0.9986740898848305,0,0,1,0,0,0,0,1,0
2024-01-03 13:00:00+01:00,65.24,64062.2,7065.8,32752.0,-0.2588190451025208,-0.9659258262890683,0.05147875477034653,0.9986740898848305,0,0,1,0,0,0,0,1,0
2024-01-03 14:00:00+01:00,49.17,60244.1,4892.0,30684.4,-0.4999999999999998,-0.8660254037844388,0.05147875477034653,0.9986740898848305,0,0,1,0,0,0,0,1,0
2024-01-03 15:00:00+01:00,60.79,58084.8,2658.3,28852.6,-0.7071067811865471,-0.7071067811865479,0.05147875477034653,0.9986740898848305,0,0,1,0,0,0,0,1,0
2024-01-03 16:00:00+01:00,50.95,54117.8,114.8,33017.7,-0.8660254037844384,-0.5000000000000004,0.05147875477034653,0.9986740898848305,0,0,1,0,0,0,0,1,0
2024-01-03 17:00:00+01:00,47.16,50026.4,0.0,32889.9,-0.9659258262890683,-0.25881904510252063,0.05147875477034653,0.9986740898848305,0,0,1,0,0,0,0,1,0
2024-01-03 18:00:00+01:00,48.31,50068.5,0.0,33083.8,-1.0,-1.8369701987210297e-16,0.05147875477034653,0.9986740898848305,0,0,1,0,0,0,0,1,0
2024-01-03 19:00:00+01:00,49.91,49393.8,231.3,32870.3,-0.9659258262890684,0.2588190451025203,0.05147875477034653,0.9986740898848305,0,0,1,0,0,0,0,1,0
2024-01-03 20:00:00+01:00,39.33,54386.0,0.0,33487.6,-0.8660254037844386,0.5000000000000001,0.05147875477034653,0.9986740898848305,0,0,1,0,0,0,0,1,0
2024-01-03 21:00:00+01:00,57.51,58664.2,0.0,31510.8,-0.7071067811865477,0.7071067811865474,0.05147875477034653,0.9986740898848305,0,0,1,0,0,0,0,1,0
2024-01-03 22:00:00+01:00,52.59,61224.4,156.1,32576.2,-0.5000000000000004,0.8660254037844384,0.05147875477034653,0.9986740898848305,0,0,1,0,0,0,0,1,0
2024-01-03 23:00:00+01:00,62.13,62966.4,245.0,33550.4,-0.25881904510252157,0.9659258262890681,0.05147875477034653,0.9986740898848305,0,0,1,0,0,0,0,1,0
2024-01-04 00:00:00+01:00,67.43,64151.9,0.0,30794.3,0.0,1.0,0.06861473800213404,0.9976432316860063,0,0,0,1,0,0,0,1,0
2024-01-04 01:00:00+01:00,65.67,63742.3,227.6,33089.0,0.25881904510252074,0.9659258262890683,0.06861473800213404,0.9976432316860063,0,0,0,1,0,0,0,1,0
2024-01-04 02:00:00+01:00,54.73,59485.7,188.8,32227.7,0.49999999999999994,0.8660254037844387,0.06861473800213404,0.9976432316860063,0,0,0,1,0,0,0,1,0
2024-01-04 03:00:00+01:00,52.01,56073.0,0.0,32588.2,0.7071067811865475,0.7071067811865476,0.06861473800213404,0.9976432316860063,0,0,0,1,0,0,0,1,0
2024-01-04 04:00:00+01:00,56.81,52511.8,0.0,32101.9,0.8660254037844386,0.5000000000000001,0.06861473800213404,0.9976432316860063,0,0,0,1,0,0,0,1,0
2024-01-04 05:00:00+01:00,39.93,50825.3,19.7,34273.4,0.9659258262890683,0.25881904510252074,0.06861473800213404,0.9976432316860063,0,0,0,1,0,0,0,1,0
2024-01-04 06:00:00+01:00,37.01,50664.7,0.0,32443.7,1.0,6.123233995736766e-17,0.06861473800213404,0.9976432316860063,0,0,0,1,0,0,0,1,0
2024-01-04 07:00:00+01:00,48.84,51165.8,142.5,31223.0,0.9659258262890683,-0.25881904510252063,0.06861473800213404,0.9976432316860063,0,0,0,1,0,0,0,1,0
2024-01-04 08:00:00+01:00,47.1,54120.5,1981.5,32464.1,0.8660254037844387,-0.49999999999999983,0.06861473800213404,0.9976432316860063,0,0,0,1,0,0,0,1,0
2024-01-04 09:00:00+01:00,54.79,56237.6,5543.4,37700.8,0.7071067811865476,-0.7071067811865475,0.06861473800213404,0.9976432316860063,0,0,0,1,0,0,0,1,0
2024-01-04 10:00:00+01:00,61.81,60834.6,7268.0,35183.5,0.49999999999999994,-0.8660254037844387,0.06861473800213404,0.9976432316860063,0,0,0,1,0,0,0,1,0
2024-01-04 11:00:00+01:00,58.69,64623.8,7611.7,35596.5,0.258819045102521,-0.9659258262890682,0.06861473800213404,0.9976432316860063,0,0,0,1,0,0,0,1,0
2024-01-04 12:00:00+01:00,52.24,64362.2,8329.9,33231.1,1.2246467991473532e-16,-1.0,0.06861473800213404,0.9976432316860063,0,0,0,1,0,0,0,1,0
2024-01-04 13:00:00+01:00,65.29,67502.0,6907.9,34407.2,-0.2588190451025208,-0.9659258262890683,0.06861473800213404,0.9976432316860063,0,0,0,1,0,0,0,1,0
2024-01-04 14:00:00+01:00,51.95,60870.6,5107.7,34269.5,-0.4999999999999998,-0.8660254037844388,0.06861473800213404,0.9976432316860063,0,0,0,1,0,0,0,1,0
2024-01-04 15:00:00+01:00,59.74,57803.4,2975.8,31994.9,-0.7071067811865471,-0.7071067811865479,0.06861473800213404,0.9976432316860063,0,0,0,1,0,0,0,1,0
2024-01-04 16:00:00+01:00,60.69,53145.0,0.0,30650.5,-0.8660254037844384,-0.5000000000000004,0.06861473800213404,0.9976432316860063,0,0,0,1,0,0,0,1,0
2024-01-04 17:00:00+01:00,43.49,51546.8,75.2,33477.8,-0.9659258262890683,-0.25881904510252063,0.06861473800213404,0.9976432316860063,0,0,0,1,0,0,0,1,0
2024-01-04 18:00:00+01:00,35.11,50852.1,433.7,32234.9,-1.0,-1.8369701987210297e-16,0.06861473800213404,0.9976432316860063,0,0,0,1,0,0,0,1,0
2024-01-04 19:00:00+01:00,54.58,51040.4,449.1,28887.3,-0.9659258262890684,0.2588190451025203,0.06861473800213404,0.9976432316860063,0,0,0,1,0,0,0,1,0
2024-01-04 20:00:00+01:00,42.87,54252.9,552.3,33481.1,-0.8660254037844386,0.5000000000000001,0.06861473800213404,0.9976432316860063,0,0,0,1,0,0,0,1,0
2024-01-04 21:00:00+01:00,51.65,56799.6,0.0,31692.4,-0.7071067811865477,0.7071067811865474,0.06861473800213404,0.9976432316860063,0,0,0,1,0,0,0,1,0
2024-01-04 22:00:00+01:00,58.88,62244.0,127.6,32651.4,-0.5000000000000004,0.8660254037844384,0.06861473800213404,0.9976432316860063,0,0,0,1,0,0,0,1,0
2024-01-04 23:00:00+01:00,60.68,63876.4,34.4,34328.9,-0.25881904510252157,0.9659258262890681,0.06861473800213404,0.9976432316860063,0,0,0,1,0,0,0,1,0
2024-01-05 00:00:00+01:00,61.61,65409.2,0.0,36774.9,0.0,1.0,0.08573050015569435,0.9963183634476755,0,0,0,0,1,0,0,1,0
2024-01-05 01:00:00+01:00,58.95,62247.2,85.9,34615.5,0.25881904510252074,0.9659258262890683,0.08573050015569435,0.9963183634476755,0,0,0,0,1,0,0,1,0
2024-01-05 02:00:00+01:00,59.65,58789.7,26.8,37546.0,0.49999999999999994,0.8660254037844387,0.08573050015569435,0.9963183634476755,0,0,0,0,1,0,0,1,0
2024-01-05 03:00:00+01:00,67.28,58409.3,0.0,35748.0,0.7071067811865475,0.7071067811865476,0.08573050015569435,0.9963183634476755,0,0,0,0,1,0,0,1,0
2024-01-05 04:00:00+01:00,50.31,52497.1,0.0,33445.3,0.8660254037844386,0.5000000000000001,0.08573050015569435,0.9963183634476755,0,0,0,0,1,0,0,1,0
2024-01-05 05:00:00+01:00,46.14,49852.9,0.0,35051.9,0.9659258262890683,0.25881904510252074,0.08573050015569435,0.9963183634476755,0,0,0,0,1,0,0,1,0
2024-01-05 06:00:00+01:00,30.01,50096.7,0.0,35959.3,1.0,6.123233995736766e-17,0.08573050015569435,0.9963183634476755,0,0,0,0,1,0,0,1,0
2024-01-05 07:00:00+01:00,54.18,50651.5,0.0,35086.9,0.9659258262890683,-0.25881904510252063,0.08573050015569435,0.9963183634476755,0,0,0,0,1,0,0,1,0
2024-01-05 08:00:00+01:00,43.92,52271.3,2277.9,33237.8,0.8660254037844387,-0.49999999999999983,0.08573050015569435,0.9963183634476755,0,0,0,0,1,0,0,1,0
2024-01-05 09:00:00+01:00,53.21,57565.1,5314.8,31761.4,0.7071067811865476,-0.7071067811865475,0.08573050015569435,0.9963183634476755,0,0,0,0,1,0,0,1,0
2024-01-05 10:00:00+01:00,51.39,63601.0,6603.6,35738.1,0.49999999999999994,-0.8660254037844387,0.08573050015569435,0.9963183634476755,0,0,0,0,1,0,0,1,0
2024-01-05 11:00:00+01:00,44.94,63553.6,7976.8,35139.3,0.258819045102521,-0.9659258262890682,0.08573050015569435,0.9963183634476755,0,0,0,0,1,0,0,1,0
2024-01-05 12:00:00+01:00,62.72,66366.2,8191.5,34300.5,1.2246467991473532e-16,-1.0,0.08573050015569435,0.9963183634476755,0,0,0,0,1,0,0,1,0
2024-01-05 13:00:00+01:00,35.72,63937.9,6963.6,35661.1,-0.2588190451025208,-0.9659258262890683,0.08573050015569435,0.9963183634476755,0,0,0,0,1,0,0,1,0
2024-01-05 14:00:00+01:00,54.19,61380.9,4780.3,35212.1,-0.4999999999999998,-0.8660254037844388,0.08573050015569435,0.9963183634476755,0,0,0,0,1,0,0,1,0
2024-01-05 15:00:00+01:00,53.3,58315.2,3042.0,32002.8,-0.7071067811865471,-0.7071067811865479,0.08573050015569435,0.9963183634476755,0,0,0,0,1,0,0,1,0
2024-01-05 16:00:00+01:00,53.44,54145.3,452.3,37910.9,-0.8660254037844384,-0.5000000000000004,0.08573050015569435,0.9963183634476755,0,0,0,0,1,0,0,1,0
2024-01-05 17:00:00+01:00,50.17,52137.8,115.6,35965.6,-0.9659258262890683,-0.25881904510252063,0.08573050015569435,0.9963183634476755,0,0,0,0,1,0,0,1,0
2024-01-05 18:00:00+01:00,40.68,49835.4,413.2,35626.3,-1.0,-1.8369701987210297e-16,0.08573050015569435,0.9963183634476755,0,0,0,0,1,0,0,1,0
2024-01-05 19:00:00+01:00,26.54,50150.2,304.5,35027.5,-0.9659258262890684,0.2588190451025203,0.08573050015569435,0.9963183634476755,0,0,0,0,1,0,0,1,0
2024-01-05 20:00:00+01:00,63.68,53483.5,138.3,37035.3,-0.8660254037844386,0.5000000000000001,0.08573050015569435,0.9963183634476755,0,0,0,0,1,0,0,1,0
2024-01-05 21:00:00+01:00,57.67,57742.1,0.0,36318.2,-0.7071067811865477,0.7071067811865474,0.08573050015569435,0.9963183634476755,0,0,0,0,1,0,0,1,0
2024-01-05 22:00:00+01:00,54.45,61050.6,0.0,34917.6,-0.5000000000000004,0.8660254037844384,0.08573050015569435,0.9963183634476755,0,0,0,0,1,0,0,1,0
2024-01-05 23:00:00+01:00,59.15,64132.4,281.7,34350.9,-0.25881904510252157,0.9659258262890681,0.08573050015569435,0.9963183634476755,0,0,0,0,1,0,0,1,0
2024-01-06 00:00:00+01:00,68.2,65186.1,14.7,32569.9,0.0,1.0,0.1028209971373604,0.9946998756145891,0,0,0,0,0,1,0,1,0
2024-01-06 01:00:00+01:00,57.99,65583.2,494.0,35826.6,0.25881904510252074,0.9659258262890683,0.1028209971373604,0.9946998756145891,0,0,0,0,0,1,0,1,0
2024-01-06 02:00:00+01:00,60.17,59807.9,657.0,34075.4,0.49999999999999994,0.8660254037844387,0.1028209971373604,0.9946998756145891,0,0,0,0,0,1,0,1,0
2024-01-06 03:00:00+01:00,58.51,56583.6,0.0,35354.4,0.7071067811865475,0.7071067811865476,0.1028209971373604,0.9946998756145891,0,0,0,0,0,1,0,1,0
2024-01-06 04:00:00+01:00,45.85,51426.0,458.7,33863.2,0.8660254037844386,0.5000000000000001,0.1028209971373604,0.9946998756145891,0,0,0,0,0,1,0,1,0
2024-01-06 05:00:00+01:00,50.0,50152.4,96.8,35753.2,0.9659258262890683,0.25881904510252074,0.1028209971373604,0.9946998756145891,0,0,0,0,0,1,0,1,0
2024-01-06 06:00:00+01:00,46.78,48490.0,54.2,35053.1,1.0,6.123233995736766e-17,0.1028209971373604,0.9946998756145891,0,0,0,0,0,1,0,1,0
2024-01-06 07:00:00+01:00,62.44,52281.8,5.2,36309.9,0.9659258262890683,-0.25881904510252063,0.1028209971373604,0.9946998756145891,0,0,0,0,0,1,0,1,0
2024-01-06 08:00:00+01:00,49.48,54581.3,2469.5,38010.6,0.8660254037844387,-0.49999999999999983,0.1028209971373604,0.9946998756145891,0,0,0,0,0,1,0,1,0
2024-01-06 09:00:00+01:00,47.67,55894.6,5575.8,32415.6,0.7071067811865476,-0.7071067811865475,0.1028209971373604,0.9946998756145891,0,0,0,0,0,1,0,1,0
2024-01-06 10:00:00+01:00,50.21,61893.3,6759.3,34005.9,0.49999999999999994,-0.8660254037844387,0.1028209971373604,0.9946998756145891,0,0,0,0,0,1,0,1,0
2024-01-06 11:00:00+01:00,57.25,64608.6,7320.8,34338.2,0.258819045102521,-0.9659258262890682,0.1028209971373604,0.9946998756145891,0,0,0,0,0,1,0,1,0
2024-01-06 12:00:00+01:00,63.03,65437.8,8167.3,34315.9,1.2246467991473532e-16,-1.0,0.1028209971373604,0.9946998756145891,0,0,0,0,0,1,0,1,0
2024-01-06 13:00:00+01:00,53.3,63635.3,6964.8,33660.8,-0.2588190451025208,-0.9659258262890683,0.1028209971373604,0.9946998756145891,0,0,0,0,0,1,0,1,0
2024-01-06 14:00:00+01:00,52.91,60676.6,5305.7,33782.3,-0.4999999999999998,-0.8660254037844388,0.1028209971373604,0.9946998756145891,0,0,0,0,0,1,0,1,0
2024-01-06 15:00:00+01:00,46.64,56683.5,2369.1,37240.3,-0.7071067811865471,-0.7071067811865479,0.1028209971373604,0.9946998756145891,0,0,0,0,0,1,0,1,0
2024-01-06 16:00:00+01:00,43.79,53879.7,0.0,33524.9,-0.8660254037844384,-0.5000000000000004,0.1028209971373604,0.9946998756145891,0,0,0,0,0,1,0,1,0
2024-01-06 17:00:00+01:00,43.64,51822.8,0.0,35102.3,-0.9659258262890683,-0.25881904510252063,0.1028209971373604,0.9946998756145891,0,0,0,0,0,1,0,1,0
2024-01-06 18:00:00+01:00,46.04,48640.2,13.3,35847.3,-1.0,-1.8369701987210297e-16,0.1028209971373604,0.9946998756145891,0,0,0,0,0,1,0,1,0
2024-01-06 19:00:00+01:00,44.78,50357.7,65.2,36086.3,-0.9659258262890684,0.2588190451025203,0.1028209971373604,0.9946998756145891,0,0,0,0,0,1,0,1,0
2024-01-06 20:00:00+01:00,45.0,52603.3,0.0,34963.3,-0.8660254037844386,0.5000000000000001,0.1028209971373604,0.9946998756145891,0,0,0,0,0,1,0,1,0
2024-01-06 21:00:00+01:00,44.86,56179.1,0.0,37201.1,-0.7071067811865477,0.7071067811865474,0.1028209971373604,0.9946998756145891,0,0,0,0,0,1,0,1,0
2024-01-06 22:00:00+01:00,66.93,61521.0,0.0,35688.6,-0.5000000000000004,0.8660254037844384,0.1028209971373604,0.9946998756145891,0,0,0,0,0,1,0,1,0
2024-01-06 23:00:00+01:00,56.32,64136.9,326.4,33522.4,-0.25881904510252157,0.9659258262890681,0.1028209971373604,0.9946998756145891,0,0,0,0,0,1,0,1,0
2024-01-07 00:00:00+01:00,63.01,67524.9,0.0,35069.0,0.0,1.0,0.11988119229922722,0.99278824516254,0,0,0,0,0,0,1,1,0
2024-01-07 01:00:00+01:00,63.05,65729.5,136.9,32701.6,0.25881904510252074,0.9659258262890683,0.11988119229922722,0.99278824516254,0,0,0,0,0,0,1,1,0
2024-01-07 02:00:00+01:00,54.64,61153.2,0.0,35896.8,0.49999999999999994,0.8660254037844387,0.11988119229922722,0.99278824516254,0,0,0,0,0,0,1,1,0
2024-01-07 03:00:00+01:00,57.16,58959.7,209.1,35213.5,0.7071067811865475,0.7071067811865476,0.11988119229922722,0.99278824516254,0,0,0,0,0,0,1,1,0
2024-01-07 04:00:00+01:00,47.6,52218.7,0.0,36366.1,0.8660254037844386,0.5000000000000001,0.11988119229922722,0.99278824516254,0,0,0,0,0,0,1,1,0
2024-01-07 05:00:00+01:00,59.42,49801.3,178.4,38133.2,0.9659258262890683,0.25881904510252074,0.11988119229922722,0.99278824516254,0,0,0,0,0,0,1,1,0
2024-01-07 06:00:00+01:00,47.33,52180.4,0.0,34962.2,1.0,6.123233995736766e-17,0.11988119229922722,0.99278824516254,0,0,0,0,0,0,1,1,0
2024-01-07 07:00:00+01:00,35.55,50370.6,0.0,32466.9,0.9659258262890683,-0.25881904510252063,0.11988119229922722,0.99278824516254,0,0,0,0,0,0,1,1,0
2024-01-07 08:00:00+01:00,56.93,52556.1,2222.2,36407.5,0.8660254037844387,-0.49999999999999983,0.11988119229922722,0.99278824516254,0,0,0,0,0,0,1,1,0
2024-01-07 09:00:00+01:00,44.52,56637.4,5543.8,32981.5,0.7071067811865476,-0.7071067811865475,0.11988119229922722,0.99278824516254,0,0,0,0,0,0,1,1,0
2024-01-07 10:00:00+01:00,60.84,62164.6,6826.9,34039.7,0.49999999999999994,-0.8660254037844387,0.11988119229922722,0.99278824516254,0,0,0,0,0,0,1,1,0
2024-01-07 11:00:00+01:00,65.06,63237.8,7943.5,32178.4,0.258819045102521,-0.9659258262890682,0.11988119229922722,0.99278824516254,0,0,0,0,0,0,1,1,0
2024-01-07 12:00:00+01:00,59.83,64381.3,7914.5,33485.8,1.2246467991473532e-16,-1.0,0.11988119229922722,0.99278824516254,0,0,0,0,0,0,1,1,0
2024-01-07 13:00:00+01:00,56.86,62649.8,7630.3,35643.6,-0.2588190451025208,-0.9659258262890683,0.11988119229922722,0.99278824516254,0,0,0,0,0,0,1,1,0
2024-01-07 14:00:00+01:00,64.38,62382.5,5786.5,36088.3,-0.4999999999999998,-0.8660254037844388,0.11988119229922722,0.99278824516254,0,0,0,0,0,0,1,1,0
2024-01-07 15:00:00+01:00,57.82,55909.0,2808.0,35348.0,-0.7071067811865471,-0.7071067811865479,0.11988119229922722,0.99278824516254,0,0,0,0,0,0,1,1,0
2024-01-07 16:00:00+01:00,40.24,54722.6,0.0,34399.2,-0.8660254037844384,-0.5000000000000004,0.11988119229922722,0.99278824516254,0,0,0,0,0,0,1,1,0
2024-01-07 17:00:00+01:00,48.6,50170.0,0.0,33911.8,-0.9659258262890683,-0.25881904510252063,0.11988119229922722,0.99278824516254,0,0,0,0,0,0,1,1,0
2024-01-07 18:00:00+01:00,51.29,50465.7,214.8,35248.4,-1.0,-1.8369701987210297e-16,0.11988119229922722,0.99278824516254,0,0,0,0,0,0,1,1,0
2024-01-07 19:00:00+01:00,44.84,51053.6,0.0,33487.6,-0.9659258262890684,0.2588190451025203,0.11988119229922722,0.99278824516254,0,0,0,0,0,0,1,1,0
2024-01-07 20:00:00+01:00,46.96,53918.6,0.0,31951.9,-0.8660254037844386,0.5000000000000001,0.11988119229922722,0.99278824516254,0,0,0,0,0,0,1,1,0
2024-01-07 21:00:00+01:00,44.73,58897.4,151.9,33962.5,-0.7071067811865477,0.7071067811865474,0.11988119229922722,0.99278824516254,0,0,0,0,0,0,1,1,0
2024-01-07 22:00:00+01:00,54.83,61270.7,186.7,34112.0,-0.5000000000000004,0.8660254037844384,0.11988119229922722,0.99278824516254,0,0,0,0,0,0,1,1,0
2024-01-07 23:00:00+01:00,65.36,63508.3,223.3,32056.0,-0.25881904510252157,0.9659258262890681,0.11988119229922722,0.99278824516254,0,0,0,0,0,0,1,1,0
2024-01-08 00:00:00+01:00,73.01,64640.5,0.0,35045.1,0.0,1.0,0.13690605792347524,0.990584035457797,1,0,0,0,0,0,0,1,0
2024-01-08 01:00:00+01:00,74.87,65481.0,677.9,33510.6,0.25881904510252074,0.9659258262890683,0.13690605792347524,0.990584035457797,1,0,0,0,0,0,0,1,0
2024-01-08 02:00:00+01:00,63.58,61159.4,0.0,31704.1,0.49999999999999994,0.8660254037844387,0.13690605792347524,0.990584035457797,1,0,0,0,0,0,0,1,0
2024-01-08 03:00:00+01:00,54.42,57696.3,0.0,36808.1,0.7071067811865475,0.7071067811865476,0.13690605792347524,0.990584035457797,1,0,0,0,0,0,0,1,0
2024-01-08 04:00:00+01:00,61.72,53762.1,0.0,32931.8,0.8660254037844386,0.5000000000000001,0.13690605792347524,0.990584035457797,1,0,0,0,0,0,0,1,0
2024-01-08 05:00:00+01:00,46.57,50443.0,209.4,31286.2,0.9659258262890683,0.25881904510252074,0.13690605792347524,0.990584035457797,1,0,0,0,0,0,0,1,0
2024-01-08 06:00:00+01:00,56.32,50937.7,62.7,31929.5,1.0,6.123233995736766e-17,0.13690605792347524,0.990584035457797,1,0,0,0,0,0,0,1,0
2024-01-08 07:00:00+01:00,64.46,50602.4,0.0,32594.9,0.9659258262890683,-0.25881904510252063,0.13690605792347524,0.990584035457797,1,0,0,0,0,0,0,1,0
2024-01-08 08:00:00+01:00,47.94,54081.3,2584.9,33740.8,0.8660254037844387,-0.49999999999999983,0.13690605792347524,0.990584035457797,1,0,0,0,0,0,0,1,0
2024-01-08 09:00:00+01:00,56.09,59657.3,5277.1,33645.5,0.7071067811865476,-0.7071067811865475,0.13690605792347524,0.990584035457797,1,0,0,0,0,0,0,1,0
2024-01-08 10:00:00+01:00,58.82,61505.7,6769.2,34581.1,0.49999999999999994,-0.8660254037844387,0.13690605792347524,0.990584035457797,1,0,0,0,0,0,0,1,0
2024-01-08 11:00:00+01:00,52.54,62444.0,8347.5,32285.2,0.258819045102521,-0.9659258262890682,0.13690605792347524,0.990584035457797,1,0,0,0,0,0,0,1,0
2024-01-08 12:00:00+01:00,60.73,65299.6,7845.6,33867.9,1.2246467991473532e-16,-1.0,0.13690605792347524,0.990584035457797,1,0,0,0,0,0,0,1,0
2024-01-08 13:00:00+01:00,57.88,63866.3,6550.7,34109.8,-0.2588190451025208,-0.9659258262890683,0.13690605792347524,0.990584035457797,1,0,0,0,0,0,0,1,0
2024-01-08 14:00:00+01:00,50.77,61553.8,5150.3,30340.4,-0.4999999999999998,-0.8660254037844388,0.13690605792347524,0.990584035457797,1,0,0,0,0,0,0,1,0
2024-01-08 15:00:00+01:00,56.95,58538.2,2715.2,32909.4,-0.7071067811865471,-0.7071067811865479,0.13690605792347524,0.990584035457797,1,0,0,0,0,0,0,1,0
2024-01-08 16:00:00+01:00,53.41,52338.4,318.9,32109.5,-0.8660254037844384,-0.5000000000000004,0.13690605792347524,0.990584035457797,1,0,0,0,0,0,0,1,0
2024-01-08 17:00:00+01:00,46.87,50611.1,79.4,34177.1,-0.9659258262890683,-0.25881904510252063,0.13690605792347524,0.990584035457797,1,0,0,0,0,0,0,1,0
2024-01-08 18:00:00+01:00,53.01,49453.3,0.0,33871.9,-1.0,-1.8369701987210297e-16,0.13690605792347524,0.990584035457797,1,0,0,0,0,0,0,1,0
2024-01-08 19:00:00+01:00,44.2,50587.2,0.0,31156.9,-0.9659258262890684,0.2588190451025203,0.13690605792347524,0.990584035457797,1,0,0,0,0,0,0,1,0
2024-01-08 20:00:00+01:00,53.92,55148.0,269.1,32670.9,-0.8660254037844386,0.5000000000000001,0.13690605792347524,0.990584035457797,1,0,0,0,0,0,0,1,0
2024-01-08 21:00:00+01:00,43.02,57326.0,0.0,32042.7,-0.7071067811865477,0.7071067811865474,0.13690605792347524,0.990584035457797,1,0,0,0,0,0,0,1,0
2024-01-08 22:00:00+01:00,46.92,61114.8,223.2,31167.4,-0.5000000000000004,0.8660254037844384,0.13690605792347524,0.990584035457797,1,0,0,0,0,0,0,1,0
2024-01-08 23:00:00+01:00,68.23,64757.1,0.0,32746.4,-0.25881904510252157,0.9659258262890681,0.13690605792347524,0.990584035457797,1,0,0,0,0,0,0,1,0
2024-01-09 00:00:00+01:00,62.66,64627.1,0.0,31479.9,0.0,1.0,0.15389057670406178,0.9880878960910772,0,1,0,0,0,0,0,1,0
2024-01-09 01:00:00+01:00,69.47,65342.8,0.0,29057.8,0.25881904510252074,0.9659258262890683,0.15389057670406178,0.9880878960910772,0,1,0,0,0,0,0,1,0
2024-01-09 02:00:00+01:00,72.53,61767.8,0.0,32753.6,0.49999999999999994,0.8660254037844387,0.15389057670406178,0.9880878960910772,0,1,0,0,0,0,0,1,0
2024-01-09 03:00:00+01:00,57.88,56035.1,0.0,29046.0,0.7071067811865475,0.7071067811865476,0.15389057670406178,0.9880878960910772,0,1,0,0,0,0,0,1,0
2024-01-09 04:00:00+01:00,71.96,54200.6,627.3,27977.4,0.8660254037844386,0.5000000000000001,0.15389057670406178,0.9880878960910772,0,1,0,0,0,0,0,1,0
2024-01-09 05:00:00+01:00,44.03,50722.4,0.0,28464.7,0.9659258262890683,0.25881904510252074,0.15389057670406178,0.9880878960910772,0,1,0,0,0,0,0,1,0
2024-01-09 06:00:00+01:00,57.84,48169.6,0.0,31860.9,1.0,6.123233995736766e-17,0.15389057670406178,0.9880878960910772,0,1,0,0,0,0,0,1,0
2024-01-09 07:00:00+01:00,48.07,50215.1,0.0,31281.3,0.9659258262890683,-0.25881904510252063,0.15389057670406178,0.9880878960910772,0,1,0,0,0,0,0,1,0
2024-01-09 08:00:00+01:00,44.19,55350.6,2473.6,28858.2,0.8660254037844387,-0.49999999999999983,0.15389057670406178,0.9880878960910772,0,1,0,0,0,0,0,1,0
2024-01-09 09:00:00+01:00,55.67,57243.0,5410.9,33514.1,0.7071067811865476,-0.7071067811865475,0.15389057670406178,0.9880878960910772,0,1,0,0,0,0,0,1,0
2024-01-09 10:00:00+01:00,52.39,62602.1,7266.2,32676.8,0.49999999999999994,-0.8660254037844387,0.15389057670406178,0.9880878960910772,0,1,0,0,0,0,0,1,0
2024-01-09 11:00:00+01:00,61.92,65291.4,7844.3,29029.5,0.258819045102521,-0.9659258262890682,0.15389057670406178,0.9880878960910772,0,1,0,0,0,0,0,1,0
2024-01-09 12:00:00+01:00,63.73,65667.3,8031.8,31177.1,1.2246467991473532e-16,-1.0,0.15389057670406178,0.9880878960910772,0,1,0,0,0,0,0,1,0
2024-01-09 13:00:00+01:00,50.87,63669.1,6398.3,29420.1,-0.2588190451025208,-0.9659258262890683,0.15389057670406178,0.9880878960910772,0,1,0,0,0,0,0,1,0
2024-01-09 14:00:00+01:00,57.02,60437.0,4671.9,28697.5,-0.4999999999999998,-0.8660254037844388,0.15389057670406178,0.9880878960910772,0,1,0,0,0,0,0,1,0
2024-01-09 15:00:00+01:00,72.55,57105.8,2487.9,31220.6,-0.7071067811865471,-0.7071067811865479,0.15389057670406178,0.9880878960910772,0,1,0,0,0,0,0,1,0
2024-01-09 16:00:00+01:00,59.29,54910.1,0.0,28062.0,-0.8660254037844384,-0.5000000000000004,0.15389057670406178,0.9880878960910772,0,1,0,0,0,0,0,1,0
2024-01-09 17:00:00+01:00,29.11,51768.7,51.2,28304.3,-0.9659258262890683,-0.25881904510252063,0.15389057670406178,0.9880878960910772,0,1,0,0,0,0,0,1,0
2024-01-09 18:00:00+01:00,40.2,50576.4,0.0,29043.3,-1.0,-1.8369701987210297e-16,0.15389057670406178,0.9880878960910772,0,1,0,0,0,0,0,1,0
2024-01-09 19:00:00+01:00,55.66,51945.9,140.5,30739.1,-0.9659258262890684,0.2588190451025203,0.15389057670406178,0.9880878960910772,0,1,0,0,0,0,0,1,0
2024-01-09 20:00:00+01:00,50.05,53054.9,0.0,29875.3,-0.8660254037844386,0.5000000000000001,0.15389057670406178,0.9880878960910772,0,1,0,0,0,0,0,1,0
2024-01-09 21:00:00+01:00,63.45,57935.0,0.0,24961.0,-0.7071067811865477,0.7071067811865474,0.15389057670406178,0.9880878960910772,0,1,0,0,0,0,0,1,0
2024-01-09 22:00:00+01:00,72.42,61174.1,943.5,29375.0,-0.5000000000000004,0.8660254037844384,0.15389057670406178,0.9880878960910772,0,1,0,0,0,0,0,1,0
2024-01-09 23:00:00+01:00,68.41,64847.6,149.2,30666.2,-0.25881904510252157,0.9659258262890681,0.15389057670406178,0.9880878960910772,0,1,0,0,0,0,0,1,0
2024-01-10 00:00:00+01:00,66.07,65808.0,0.0,28427.6,0.0,1.0,0.1708297432253442,0.985300562686109,0,0,1,0,0,0,0,1,0
2024-01-10 01:00:00+01:00,55.13,64573.9,0.0,29730.7,0.25881904510252074,0.9659258262890683,0.1708297432253442,0.985300562686109,0,0,1,0,0,0,0,1,0
2024-01-10 02:00:00+01:00,63.37,62700.4,0.0,30392.8,0.49999999999999994,0.8660254037844387,0.1708297432253442,0.985300562686109,0,0,1,0,0,0,0,1,0
2024-01-10 03:00:00+01:00,60.05,58358.7,68.7,28577.3,0.7071067811865475,0.7071067811865476,0.1708297432253442,0.985300562686109,0,0,1,0,0,0,0,1,0
2024-01-10 04:00:00+01:00,45.71,52671.1,0.0,30905.8,0.8660254037844386,0.5000000000000001,0.1708297432253442,0.985300562686109,0,0,1,0,0,0,0,1,0
2024-01-10 05:00:00+01:00,63.67,50732.7,0.0,28529.7,0.9659258262890683,0.25881904510252074,0.1708297432253442,0.985300562686109,0,0,1,0,0,0,0,1,0
2024-01-10 06:00:00+01:00,43.45,50317.5,480.8,30994.0,1.0,6.123233995736766e-17,0.1708297432253442,0.985300562686109,0,0,1,0,0,0,0,1,0
2024-01-10 07:00:00+01:00,66.54,52415.6,448.4,27482.8,0.9659258262890683,-0.25881904510252063,0.1708297432253442,0.985300562686109,0,0,1,0,0,0,0,1,0
2024-01-10 08:00:00+01:00,41.44,54143.0,2914.4,27505.0,0.8660254037844387,-0.49999999999999983,0.1708297432253442,0.985300562686109,0,0,1,0,0,0,0,1,0
2024-01-10 09:00:00+01:00,60.56,58045.1,5640.1,27411.7,0.7071067811865476,-0.7071067811865475,0.1708297432253442,0.985300562686109,0,0,1,0,0,0,0,1,0
2024-01-10 10:00:00+01:00,55.05,59044.5,6836.5,30055.6,0.49999999999999994,-0.8660254037844387,0.1708297432253442,0.985300562686109,0,0,1,0,0,0,0,1,0
2024-01-10 11:00:00+01:00,42.35,63322.1,7308.3,28358.4,0.258819045102521,-0.9659258262890682,0.1708297432253442,0.985300562686109,0,0,1,0,0,0,0,1,0
2024-01-10 12:00:00+01:00,48.39,63886.9,7420.6,25391.5,1.2246467991473532e-16,-1.0,0.1708297432253442,0.985300562686109,0,0,1,0,0,0,0,1,0
2024-01-10 13:00:00+01:00,61.86,63320.7,7213.4,29427.1,-0.2588190451025208,-0.9659258262890683,0.1708297432253442,0.985300562686109,0,0,1,0,0,0,0,1,0
2024-01-10 14:00:00+01:00,64.52,60438.0,5023.5,28832.8,-0.4999999999999998,-0.8660254037844388,0.1708297432253442,0.985300562686109,0,0,1,0,0,0,0,1,0
2024-01-10 15:00:00+01:00,61.72,57773.9,2284.3,26528.1,-0.7071067811865471,-0.7071067811865479,0.1708297432253442,0.985300562686109,0,0,1,0,0,0,0,1,0
2024-01-10 16:00:00+01:00,58.29,54313.4,462.1,26417.6,-0.8660254037844384,-0.5000000000000004,0.1708297432253442,0.985300562686109,0,0,1,0,0,0,0,1,0
2024-01-10 17:00:00+01:00,48.26,51739.4,0.0,28078.6,-0.9659258262890683,-0.25881904510252063,0.1708297432253442,0.985300562686109,0,0,1,0,0,0,0,1,0
2024-01-10 18:00:00+01:00,44.47,51268.2,0.0,25925.1,-1.0,-1.8369701987210297e-16,0.1708297432253442,0.985300562686109,0,0,1,0,0,0,0,1,0
2024-01-10 19:00:00+01:00,68.42,50438.6,0.0,26540.4,-0.9659258262890684,0.2588190451025203,0.1708297432253442,0.985300562686109,0,0,1,0,0,0,0,1,0
2024-01-10 20:00:00+01:00,63.35,53408.9,320.0,27251.6,-0.8660254037844386,0.5000000000000001,0.1708297432253442,0.985300562686109,0,0,1,0,0,0,0,1,0
2024-01-10 21:00:00+01:00,50.01,55839.8,105.7,26768.6,-0.7071067811865477,0.7071067811865474,0.1708297432253442,0.985300562686109,0,0,1,0,0,0,0,1,0
2024-01-10 22:00:00+01:00,72.48,61301.4,247.0,25806.4,-0.5000000000000004,0.8660254037844384,0.1708297432253442,0.985300562686109,0,0,1,0,0,0,0,1,0
2024-01-10 23:00:00+01:00,79.33,64100.1,105.4,28076.2,-0.25881904510252157,0.9659258262890681,0.1708297432253442,0.985300562686109,0,0,1,0,0,0,0,1,0
2024-01-11 00:00:00+01:00,68.34,63864.8,323.5,26282.5,0.0,1.0,0.1877185654371987,0.9822228566828407,0,0,0,1,0,0,0,1,0
2024-01-11 01:00:00+01:00,58.61,63531.0,125.9,29109.7,0.25881904510252074,0.9659258262890683,0.1877185654371987,0.9822228566828407,0,0,0,1,0,0,0,1,0
2024-01-11 02:00:00+01:00,61.66,59874.2,90.1,25760.8,0.49999999999999994,0.8660254037844387,0.1877185654371987,0.9822228566828407,0,0,0,1,0,0,0,1,0
2024-01-11 03:00:00+01:00,62.58,56815.4,9.1,27519.4,0.7071067811865475,0.7071067811865476,0.1877185654371987,0.9822228566828407,0,0,0,1,0,0,0,1,0
2024-01-11 04:00:00+01:00,58.79,54227.2,382.2,26455.5,0.8660254037844386,0.5000000000000001,0.1877185654371987,0.9822228566828407,0,0,0,1,0,0,0,1,0
2024-01-11 05:00:00+01:00,34.88,51579.5,402.7,28529.4,0.9659258262890683,0.25881904510252074,0.1877185654371987,0.9822228566828407,0,0,0,1,0,0,0,1,0
2024-01-11 06:00:00+01:00,52.95,50714.3,0.0,22526.6,1.0,6.123233995736766e-17,0.1877185654371987,0.9822228566828407,0,0,0,1,0,0,0,1,0
2024-01-11 07:00:00+01:00,44.24,51008.3,186.9,25492.5,0.9659258262890683,-0.25881904510252063,0.1877185654371987,0.9822228566828407,0,0,0,1,0,0,0,1,0
2024-01-11 08:00:00+01:00,46.51,54036.9,3110.2,30197.3,0.8660254037844387,-0.49999999999999983,0.1877185654371987,0.9822228566828407,0,0,0,1,0,0,0,1,0
2024-01-11 09:00:00+01:00,51.27,57781.9,5077.9,22821.1,0.7071067811865476,-0.7071067811865475,0.1877185654371987,0.9822228566828407,0,0,0,1,0,0,0,1,0
2024-01-11 10:00:00+01:00,40.81,61414.8,7006.2,25450.2,0.49999999999999994,-0.8660254037844387,0.1877185654371987,0.9822228566828407,0,0,0,1,0,0,0,1,0
2024-01-11 11:00:00+01:00,49.42,63513.9,8204.8,26637.5,0.258819045102521,-0.9659258262890682,0.1877185654371987,0.9822228566828407,0,0,0,1,0,0,0,1,0
2024-01-11 12:00:00+01:00,67.47,65015.9,7652.9,22180.8,1.2246467991473532e-16,-1.0,0.1877185654371987,0.9822228566828407,0,0,0,1,0,0,0,1,0
2024-01-11 13:00:00+01:00,62.48,62693.2,6604.2,24386.9,-0.2588190451025208,-0.9659258262890683,0.1877185654371987,0.9822228566828407,0,0,0,1,0,0,0,1,0
2024-01-11 14:00:00+01:00,61.08,62049.5,4995.8,25563.6,-0.4999999999999998,-0.8660254037844388,0.1877185654371987,0.9822228566828407,0,0,0,1,0,0,0,1,0
2024-01-11 15:00:00+01:00,63.36,58330.0,2382.7,25026.8,-0.7071067811865471,-0.7071067811865479,0.1877185654371987,0.9822228566828407,0,0,0,1,0,0,0,1,0
2024-01-11 16:00:00+01:00,52.69,53831.4,101.7,24944.5,-0.8660254037844384,-0.5000000000000004,0.1877185654371987,0.9822228566828407,0,0,0,1,0,0,0,1,0
2024-01-11 17:00:00+01:00,57.79,52013.3,0.0,24887.5,-0.9659258262890683,-0.25881904510252063,0.1877185654371987,0.9822228566828407,0,0,0,1,0,0,0,1,0
2024-01-11 18:00:00+01:00,50.96,49649.8,210.8,26088.3,-1.0,-1.8369701987210297e-16,0.1877185654371987,0.9822228566828407,0,0,0,1,0,0,0,1,0
2024-01-11 19:00:00+01:00,66.23,50510.8,0.0,23588.9,-0.9659258262890684,0.2588190451025203,0.1877185654371987,0.9822228566828407,0,0,0,1,0,0,0,1,0
2024-01-11 20:00:00+01:00,50.89,54221.0,0.0,26135.3,-0.8660254037844386,0.5000000000000001,0.1877185654371987,0.9822228566828407,0,0,0,1,0,0,0,1,0
2024-01-11 21:00:00+01:00,68.42,57140.0,0.0,23527.1,-0.7071067811865477,0.7071067811865474,0.1877185654371987,0.9822228566828407,0,0,0,1,0,0,0,1,0
2024-01-11 22:00:00+01:00,76.4,63401.3,0.0,22301.5,-0.5000000000000004,0.8660254037844384,0.1877185654371987,0.9822228566828407,0,0,0,1,0,0,0,1,0
2024-01-11 23:00:00+01:00,60.54,63415.1,0.0,21563.4,-0.25881904510252157,0.9659258262890681,0.1877185654371987,0.9822228566828407,0,0,0,1,0,0,0,1,0
2024-01-12 00:00:00+01:00,68.16,66016.5,330.6,23833.5,0.0,1.0,0.2045520661262008,0.9788556850953578,0,0,0,0,1,0,0,1,0
2024-01-12 01:00:00+01:00,58.91,64322.1,0.0,24646.4,0.25881904510252074,0.9659258262890683,0.2045520661262008,0.9788556850953578,0,0,0,0,1,0,0,1,0
2024-01-12 02:00:00+01:00,55.26,62261.7,309.0,23834.8,0.49999999999999994,0.8660254037844387,0.2045520661262008,0.9788556850953578,0,0,0,0,1,0,0,1,0
2024-01-12 03:00:00+01:00,46.54,55212.7,306.7,24216.2,0.7071067811865475,0.7071067811865476,0.2045520661262008,0.9788556850953578,0,0,0,0,1,0,0,1,0
2024-01-12 04:00:00+01:00,61.2,54194.2,0.0,23806.3,0.8660254037844386,0.5000000000000001,0.2045520661262008,0.9788556850953578,0,0,0,0,1,0,0,1,0
2024-01-12 05:00:00+01:00,44.67,51025.5,0.0,24793.6,0.9659258262890683,0.25881904510252074,0.2045520661262008,0.9788556850953578,0,0,0,0,1,0,0,1,0
2024-01-12 06:00:00+01:00,45.49,50454.1,0.0,22898.5,1.0,6.123233995736766e-17,0.2045520661262008,0.9788556850953578,0,0,0,0,1,0,0,1,0
2024-01-12 07:00:00+01:00,51.27,51477.5,0.0,22622.2,0.9659258262890683,-0.25881904510252063,0.2045520661262008,0.9788556850953578,0,0,0,0,1,0,0,1,0
2024-01-12 08:00:00+01:00,56.21,53211.3,2460.8,20333.9,0.8660254037844387,-0.49999999999999983,0.2045520661262008,0.9788556850953578,0,0,0,0,1,0,0,1,0
2024-01-12 09:00:00+01:00,64.5,59869.3,5436.7,19610.0,0.7071067811865476,-0.7071067811865475,0.2045520661262008,0.9788556850953578,0,0,0,0,1,0,0,1,0
2024-01-12 10:00:00+01:00,64.68,59894.3,6759.2,20372.6,0.49999999999999994,-0.8660254037844387,0.2045520661262008,0.9788556850953578,0,0,0,0,1,0,0,1,0
2024-01-12 11:00:00+01:00,85.06,62628.3,7816.2,20915.3,0.258819045102521,-0.9659258262890682,0.2045520661262008,0.9788556850953578,0,0,0,0,1,0,0,1,0
2024-01-12 12:00:00+01:00,60.72,65715.8,7629.7,20798.1,1.2246467991473532e-16,-1.0,0.2045520661262008,0.9788556850953578,0,0,0,0,1,0,0,1,0
2024-01-12 13:00:00+01:00,61.97,62961.2,6916.7,20206.6,-0.2588190451025208,-0.9659258262890683,0.2045520661262008,0.9788556850953578,0,0,0,0,1,0,0,1,0
2024-01-12 14:00:00+01:00,67.2,60395.6,4815.9,22638.7,-0.4999999999999998,-0.8660254037844388,0.2045520661262008,0.9788556850953578,0,0,0,0,1,0,0,1,0
2024-01-12 15:00:00+01:00,68.97,58087.3,2842.3,22218.6,-0.7071067811865471,-0.7071067811865479,0.2045520661262008,0.9788556850953578,0,0,0,0,1,0,0,1,0
2024-01-12 16:00:00+01:00,54.38,50858.4,0.0,18225.7,-0.8660254037844384,-0.5000000000000004,0.2045520661262008,0.9788556850953578,0,0,0,0,1,0,0,1,0
2024-01-12 17:00:00+01:00,51.99,49222.5,0.0,18398.9,-0.9659258262890683,-0.25881904510252063,0.2045520661262008,0.9788556850953578,0,0,0,0,1,0,0,1,0
2024-01-12 18:00:00+01:00,54.85,51451.3,127.3,23427.8,-1.0,-1.8369701987210297e-16,0.2045520661262008,0.9788556850953578,0,0,0,0,1,0,0,1,0
2024-01-12 19:00:00+01:00,48.1,49884.9,0.0,21064.0,-0.9659258262890684,0.2588190451025203,0.2045520661262008,0.9788556850953578,0,0,0,0,1,0,0,1,0
2024-01-12 20:00:00+01:00,63.04,54770.9,0.0,19349.5,-0.8660254037844386,0.5000000000000001,0.2045520661262008,0.9788556850953578,0,0,0,0,1,0,0,1,0
2024-01-12 21:00:00+01:00,49.52,56919.7,113.5,21439.6,-0.7071067811865477,0.7071067811865474,0.2045520661262008,0.9788556850953578,0,0,0,0,1,0,0,1,0
2024-01-12 22:00:00+01:00,60.18,61089.1,0.0,22172.7,-0.5000000000000004,0.8660254037844384,0.2045520661262008,0.9788556850953578,0,0,0,0,1,0,0,1,0
2024-01-12 23:00:00+01:00,86.55,64874.1,0.0,19902.1,-0.25881904510252157,0.9659258262890681,0.2045520661262008,0.9788556850953578,0,0,0,0,1,0,0,1,0
2024-01-13 00:00:00+01:00,73.89,63398.2,0.0,20130.1,0.0,1.0,0.22132528438243257,0.9752000402445825,0,0,0,0,0,1,0,1,0
2024-01-13 01:00:00+01:00,79.99,64391.3,15.3,20015.3,0.25881904510252074,0.9659258262890683,0.22132528438243257,0.9752000402445825,0,0,0,0,0,1,0,1,0
2024-01-13 02:00:00+01:00,68.85,60938.0,0.0,19783.1,0.49999999999999994,0.8660254037844387,0.22132528438243257,0.9752000402445825,0,0,0,0,0,1,0,1,0
2024-01-13 03:00:00+01:00,60.69,59153.6,591.5,21595.0,0.7071067811865475,0.7071067811865476,0.22132528438243257,0.9752000402445825,0,0,0,0,0,1,0,1,0
2024-01-13 04:00:00+01:00,58.01,52492.1,0.0,16729.2,0.8660254037844386,0.5000000000000001,0.22132528438243257,0.9752000402445825,0,0,0,0,0,1,0,1,0
2024-01-13 05:00:00+01:00,70.96,52658.6,209.8,19849.2,0.9659258262890683,0.25881904510252074,0.22132528438243257,0.9752000402445825,0,0,0,0,0,1,0,1,0
2024-01-13 06:00:00+01:00,54.81,49079.7,0.0,22523.7,1.0,6.123233995736766e-17,0.22132528438243257,0.9752000402445825,0,0,0,0,0,1,0,1,0
2024-01-13 07:00:00+01:00,53.63,51233.8,410.2,19440.7,0.9659258262890683,-0.25881904510252063,0.22132528438243257,0.9752000402445825,0,0,0,0,0,1,0,1,0
2024-01-13 08:00:00+01:00,50.39,53768.5,2291.2,18785.9,0.8660254037844387,-0.49999999999999983,0.22132528438243257,0.9752000402445825,0,0,0,0,0,1,0,1,0
2024-01-13 09:00:00+01:00,61.62,58121.0,5454.9,15753.7,0.7071067811865476,-0.7071067811865475,0.22132528438243257,0.9752000402445825,0,0,0,0,0,1,0,1,0
2024-01-13 10:00:00+01:00,71.87,62568.3,7090.0,19097.0,0.49999999999999994,-0.8660254037844387,0.22132528438243257,0.9752000402445825,0,0,0,0,0,1,0,1,0
2024-01-13 11:00:00+01:00,78.34,64506.1,7461.4,17407.9,0.258819045102521,-0.9659258262890682,0.22132528438243257,0.9752000402445825,0,0,0,0,0,1,0,1,0
2024-01-13 12:00:00+01:00,57.25,66226.0,7970.2,20995.8,1.2246467991473532e-16,-1.0,0.22132528438243257,0.9752000402445825,0,0,0,0,0,1,0,1,0
2024-01-13 13:00:00+01:00,59.21,66957.4,6803.1,22367.4,-0.2588190451025208,-0.9659258262890683,0.22132528438243257,0.9752000402445825,0,0,0,0,0,1,0,1,0
2024-01-13 14:00:00+01:00,56.79,61578.5,5021.4,20741.5,-0.4999999999999998,-0.8660254037844388,0.22132528438243257,0.9752000402445825,0,0,0,0,0,1,0,1,0
2024-01-13 15:00:00+01:00,54.26,56106.5,3155.4,16601.3,-0.7071067811865471,-0.7071067811865479,0.22132528438243257,0.9752000402445825,0,0,0,0,0,1,0,1,0
2024-01-13 16:00:00+01:00,59.45,53966.1,428.9,18981.3,-0.8660254037844384,-0.5000000000000004,0.22132528438243257,0.9752000402445825,0,0,0,0,0,1,0,1,0
2024-01-13 17:00:00+01:00,51.47,48183.6,116.7,19887.8,-0.9659258262890683,-0.25881904510252063,0.22132528438243257,0.9752000402445825,0,0,0,0,0,1,0,1,0
2024-01-13 18:00:00+01:00,54.18,49697.8,0.0,19673.3,-1.0,-1.8369701987210297e-16,0.22132528438243257,0.9752000402445825,0,0,0,0,0,1,0,1,0
2024-01-13 19:00:00+01:00,56.83,51141.4,264.4,17988.1,-0.9659258262890684,0.2588190451025203,0.22132528438243257,0.9752000402445825,0,0,0,0,0,1,0,1,0
2024-01-13 20:00:00+01:00,72.96,53395.0,144.3,18246.3,-0.8660254037844386,0.5000000000000001,0.22132528438243257,0.9752000402445825,0,0,0,0,0,1,0,1,0
2024-01-13 21:00:00+01:00,50.34,56744.7,0.0,19932.7,-0.7071067811865477,0.7071067811865474,0.22132528438243257,0.9752000402445825,0,0,0,0,0,1,0,1,0
2024-01-13 22:00:00+01:00,64.45,61825.2,0.0,18631.4,-0.5000000000000004,0.8660254037844384,0.22132528438243257,0.9752000402445825,0,0,0,0,0,1,0,1,0
2024-01-13 23:00:00+01:00,80.25,62820.9,0.0,19217.5,-0.25881904510252157,0.9659258262890681,0.22132528438243257,0.9752000402445825,0,0,0,0,0,1,0,1,0
2024-01-14 00:00:00+01:00,76.83,66610.7,563.7,18845.5,0.0,1.0,0.2380332770614856,0.9712569994658314,0,0,0,0,0,0,1,1,0
2024-01-14 01:00:00+01:00,86.03,66335.0,0.0,18006.1,0.25881904510252074,0.9659258262890683,0.2380332770614856,0.9712569994658314,0,0,0,0,0,0,1,1,0
2024-01-14 02:00:00+01:00,71.01,59637.9,23.3,17086.1,0.49999999999999994,0.8660254037844387,0.2380332770614856,0.9712569994658314,0,0,0,0,0,0,1,1,0
2024-01-14 03:00:00+01:00,68.84,56245.4,512.4,17534.0,0.7071067811865475,0.7071067811865476,0.2380332770614856,0.9712569994658314,0,0,0,0,0,0,1,1,0
2024-01-14 04:00:00+01:00,51.28,54074.9,81.5,17389.1,0.8660254037844386,0.5000000000000001,0.2380332770614856,0.9712569994658314,0,0,0,0,0,0,1,1,0
2024-01-14 05:00:00+01:00,55.71,50422.3,94.4,15248.7,0.9659258262890683,0.25881904510252074,0.2380332770614856,0.9712569994658314,0,0,0,0,0,0,1,1,0
2024-01-14 06:00:00+01:00,60.95,49760.1,0.0,17739.9,1.0,6.123233995736766e-17,0.2380332770614856,0.9712569994658314,0,0,0,0,0,0,1,1,0
2024-01-14 07:00:00+01:00,73.88,51870.1,135.2,14291.5,0.9659258262890683,-0.25881904510252063,0.2380332770614856,0.9712569994658314,0,0,0,0,0,0,1,1,0
2024-01-14 08:00:00+01:00,57.23,54755.2,3025.7,17201.9,0.8660254037844387,-0.49999999999999983,0.2380332770614856,0.9712569994658314,0,0,0,0,0,0,1,1,0
2024-01-14 09:00:00+01:00,64.55,58621.9,4900.0,16321.6,0.7071067811865476,-0.7071067811865475,0.2380332770614856,0.9712569994658314,0,0,0,0,0,0,1,1,0
2024-01-14 10:00:00+01:00,51.79,61977.9,7027.1,18950.6,0.49999999999999994,-0.8660254037844387,0.2380332770614856,0.9712569994658314,0,0,0,0,0,0,1,1,0
2024-01-14 11:00:00+01:00,74.62,64351.1,8192.6,15634.3,0.258819045102521,-0.9659258262890682,0.2380332770614856,0.9712569994658314,0,0,0,0,0,0,1,1,0
2024-01-14 12:00:00+01:00,69.09,66323.8,7873.5,17165.7,1.2246467991473532e-16,-1.0,0.2380332770614856,0.9712569994658314,0,0,0,0,0,0,1,1,0
2024-01-14 13:00:00+01:00,68.12,63231.5,6949.2,13152.7,-0.2588190451025208,-0.9659258262890683,0.2380332770614856,0.9712569994658314,0,0,0,0,0,0,1,1,0
2024-01-14 14:00:00+01:00,50.6,62841.0,5219.6,18789.2,-0.4999999999999998,-0.8660254037844388,0.2380332770614856,0.9712569994658314,0,0,0,0,0,0,1,1,0
2024-01-14 15:00:00+01:00,71.74,57917.4,2589.0,17501.3,-0.7071067811865471,-0.7071067811865479,0.2380332770614856,0.9712569994658314,0,0,0,0,0,0,1,1,0
2024-01-14 16:00:00+01:00,79.52,51868.3,0.0,18687.2,-0.8660254037844384,-0.5000000000000004,0.2380332770614856,0.9712569994658314,0,0,0,0,0,0,1,1,0
2024-01-14 17:00:00+01:00,56.11,51463.5,373.1,17029.5,-0.9659258262890683,-0.25881904510252063,0.2380332770614856,0.9712569994658314,0,0,0,0,0,0,1,1,0
2024-01-14 18:00:00+01:00,65.41,49965.0,411.0,17106.4,-1.0,-1.8369701987210297e-16,0.2380332770614856,0.9712569994658314,0,0,0,0,0,0,1,1,0
2024-01-14 19:00:00+01:00,64.2,50954.4,0.0,15131.6,-0.9659258262890684,0.2588190451025203,0.2380332770614856,0.9712569994658314,0,0,0,0,0,0,1,1,0
2024-01-14 20:00:00+01:00,62.23,55376.8,114.4,18784.9,-0.8660254037844386,0.5000000000000001,0.2380332770614856,0.9712569994658314,0,0,0,0,0,0,1,1,0
2024-01-14 21:00:00+01:00,65.86,56993.0,114.4,16097.3,-0.7071067811865477,0.7071067811865474,0.2380332770614856,0.9712569994658314,0,0,0,0,0,0,1,1,0
2024-01-14 22:00:00+01:00,80.23,60357.0,0.0,17358.3,-0.5000000000000004,0.8660254037844384,0.2380332770614856,0.9712569994658314,0,0,0,0,0,0,1,1,0
2024-01-14 23:00:00+01:00,72.16,63994.4,0.0,12600.4,-0.25881904510252157,0.9659258262890681,0.2380332770614856,0.9712569994658314,0,0,0,0,0,0,1,1,0
2024-01-15 00:00:00+01:00,63.68,65337.5,206.6,16142.4,0.0,1.0,0.2546711202412287,0.9670277247913204,1,0,0,0,0,0,0,1,0
2024-01-15 01:00:00+01:00,70.94,65317.4,0.0,17570.0,0.25881904510252074,0.9659258262890683,0.2546711202412287,0.9670277247913204,1,0,0,0,0,0,0,1,0
2024-01-15 02:00:00+01:00,67.13,62064.1,0.0,13700.6,0.49999999999999994,0.8660254037844387,0.2546711202412287,0.9670277247913204,1,0,0,0,0,0,0,1,0
2024-01-15 03:00:00+01:00,65.39,57751.4,328.5,14876.5,0.7071067811865475,0.7071067811865476,0.2546711202412287,0.9670277247913204,1,0,0,0,0,0,0,1,0
2024-01-15 04:00:00+01:00,57.79,55176.1,117.4,14648.1,0.8660254037844386,0.5000000000000001,0.2546711202412287,0.9670277247913204,1,0,0,0,0,0,0,1,0
2024-01-15 05:00:00+01:00,57.97,51856.0,112.7,16722.6,0.9659258262890683,0.25881904510252074,0.2546711202412287,0.9670277247913204,1,0,0,0,0,0,0,1,0
2024-01-15 06:00:00+01:00,58.38,50577.9,157.2,15930.5,1.0,6.123233995736766e-17,0.2546711202412287,0.9670277247913204,1,0,0,0,0,0,0,1,0
2024-01-15 07:00:00+01:00,73.96,51479.6,418.0,13829.9,0.9659258262890683,-0.25881904510252063,0.2546711202412287,0.9670277247913204,1,0,0,0,0,0,0,1,0
2024-01-15 08:00:00+01:00,67.13,53281.3,2609.0,15464.5,0.8660254037844387,-0.49999999999999983,0.2546711202412287,0.9670277247913204,1,0,0,0,0,0,0,1,0
2024-01-15 09:00:00+01:00,74.94,56218.0,4927.1,15204.6,0.7071067811865476,-0.7071067811865475,0.2546711202412287,0.9670277247913204,1,0,0,0,0,0,0,1,0
2024-01-15 10:00:00+01:00,59.01,61232.0,6990.0,14469.7,0.49999999999999994,-0.8660254037844387,0.2546711202412287,0.9670277247913204,1,0,0,0,0,0,0,1,0
2024-01-15 11:00:00+01:00,80.9,64990.3,8036.2,16747.0,0.258819045102521,-0.9659258262890682,0.2546711202412287,0.9670277247913204,1,0,0,0,0,0,0,1,0
2024-01-15 12:00:00+01:00,57.09,64799.5,8213.4,14961.5,1.2246467991473532e-16,-1.0,0.2546711202412287,0.9670277247913204,1,0,0,0,0,0,0,1,0
2024-01-15 13:00:00+01:00,82.31,65228.1,7274.8,13227.5,-0.2588190451025208,-0.9659258262890683,0.2546711202412287,0.9670277247913204,1,0,0,0,0,0,0,1,0
2024-01-15 14:00:00+01:00,65.41,59736.8,5048.6,14584.2,-0.4999999999999998,-0.8660254037844388,0.2546711202412287,0.9670277247913204,1,0,0,0,0,0,0,1,0
2024-01-15 15:00:00+01:00,55.69,57728.3,3022.7,15135.5,-0.7071067811865471,-0.7071067811865479,0.2546711202412287,0.9670277247913204,1,0,0,0,0,0,0,1,0
2024-01-15 16:00:00+01:00,71.91,54442.8,0.0,15160.2,-0.8660254037844384,-0.5000000000000004,0.2546711202412287,0.9670277247913204,1,0,0,0,0,0,0,1,0
2024-01-15 17:00:00+01:00,54.47,52070.4,133.7,16424.4,-0.9659258262890683,-0.25881904510252063,0.2546711202412287,0.9670277247913204,1,0,0,0,0,0,0,1,0
2024-01-15 18:00:00+01:00,57.39,49777.7,45.5,14660.1,-1.0,-1.8369701987210297e-16,0.2546711202412287,0.9670277247913204,1,0,0,0,0,0,0,1,0
2024-01-15 19:00:00+01:00,77.39,51455.0,0.0,16677.4,-0.9659258262890684,0.2588190451025203,0.2546711202412287,0.9670277247913204,1,0,0,0,0,0,0,1,0
2024-01-15 20:00:00+01:00,57.21,54079.6,14.9,15745.0,-0.8660254037844386,0.5000000000000001,0.2546711202412287,0.9670277247913204,1,0,0,0,0,0,0,1,0
2024-01-15 21:00:00+01:00,82.42,57268.5,416.7,14831.0,-0.7071067811865477,0.7071067811865474,0.2546711202412287,0.9670277247913204,1,0,0,0,0,0,0,1,0
2024-01-15 22:00:00+01:00,75.62,60836.3,85.3,13449.3,-0.5000000000000004,0.8660254037844384,0.2546711202412287,0.9670277247913204,1,0,0,0,0,0,0,1,0
2024-01-15 23:00:00+01:00,82.29,63715.1,0.0,14934.5,-0.25881904510252157,0.9659258262890681,0.2546711202412287,0.9670277247913204,1,0,0,0,0,0,0,1,0
2024-01-16 00:00:00+01:00,71.55,64911.6,0.0,15036.6,0.0,1.0,0.27123391067291003,0.9625134626077081,0,1,0,0,0,0,0,1,0
2024-01-16 01:00:00+01:00,63.23,65059.2,59.4,16899.4,0.25881904510252074,0.9659258262890683,0.27123391067291003,0.9625134626077081,0,1,0,0,0,0,0,1,0
2024-01-16 02:00:00+01:00,78.04,61960.5,0.0,14239.6,0.49999999999999994,0.8660254037844387,0.27123391067291003,0.9625134626077081,0,1,0,0,0,0,0,1,0
2024-01-16 03:00:00+01:00,73.47,57127.5,0.0,18372.3,0.7071067811865475,0.7071067811865476,0.27123391067291003,0.9625134626077081,0,1,0,0,0,0,0,1,0
2024-01-16 04:00:00+01:00,56.24,51990.0,228.1,16292.7,0.8660254037844386,0.5000000000000001,0.27123391067291003,0.9625134626077081,0,1,0,0,0,0,0,1,0
2024-01-16 05:00:00+01:00,63.49,49080.7,0.0,15348.0,0.9659258262890683,0.25881904510252074,0.27123391067291003,0.9625134626077081,0,1,0,0,0,0,0,1,0
2024-01-16 06:00:00+01:00,62.34,49526.0,0.0,16310.4,1.0,6.123233995736766e-17,0.27123391067291003,0.9625134626077081,0,1,0,0,0,0,0,1,0
2024-01-16 07:00:00+01:00,56.14,50259.4,0.0,16227.2,0.9659258262890683,-0.25881904510252063,0.27123391067291003,0.9625134626077081,0,1,0,0,0,0,0,1,0
2024-01-16 08:00:00+01:00,51.5,54407.8,2451.4,17325.5,0.8660254037844387,-0.49999999999999983,0.27123391067291003,0.9625134626077081,0,1,0,0,0,0,0,1,0
2024-01-16 09:00:00+01:00,72.33,57861.6,4917.6,14972.5,0.7071067811865476,-0.7071067811865475,0.27123391067291003,0.9625134626077081,0,1,0,0,0,0,0,1,0
2024-01-16 10:00:00+01:00,60.53,61851.2,7007.9,15936.2,0.49999999999999994,-0.8660254037844387,0.27123391067291003,0.9625134626077081,0,1,0,0,0,0,0,1,0
2024-01-16 11:00:00+01:00,64.16,63189.3,8301.8,16790.1,0.258819045102521,-0.9659258262890682,0.27123391067291003,0.9625134626077081,0,1,0,0,0,0,0,1,0
2024-01-16 12:00:00+01:00,82.5,64690.4,7803.5,14036.3,1.2246467991473532e-16,-1.0,0.27123391067291003,0.9625134626077081,0,1,0,0,0,0,0,1,0
2024-01-16 13:00:00+01:00,63.0,62581.4,6524.6,14827.5,-0.2588190451025208,-0.9659258262890683,0.27123391067291003,0.9625134626077081,0,1,0,0,0,0,0,1,0
2024-01-16 14:00:00+01:00,61.39,61983.2,4905.2,15838.7,-0.4999999999999998,-0.8660254037844388,0.27123391067291003,0.9625134626077081,0,1,0,0,0,0,0,1,0
2024-01-16 15:00:00+01:00,90.02,58174.7,3132.2,16254.2,-0.7071067811865471,-0.7071067811865479,0.27123391067291003,0.9625134626077081,0,1,0,0,0,0,0,1,0
2024-01-16 16:00:00+01:00,52.48,53196.1,0.0,15144.3,-0.8660254037844384,-0.5000000000000004,0.27123391067291003,0.9625134626077081,0,1,0,0,0,0,0,1,0
2024-01-16 17:00:00+01:00,57.05,50979.7,257.3,15986.5,-0.9659258262890683,-0.25881904510252063,0.27123391067291003,0.9625134626077081,0,1,0,0,0,0,0,1,0
2024-01-16 18:00:00+01:00,65.47,51018.6,257.8,13992.6,-1.0,-1.8369701987210297e-16,0.27123391067291003,0.9625134626077081,0,1,0,0,0,0,0,1,0
2024-01-16 19:00:00+01:00,62.54,51554.8,0.0,15860.7,-0.9659258262890684,0.2588190451025203,0.27123391067291003,0.9625134626077081,0,1,0,0,0,0,0,1,0
2024-01-16 20:00:00+01:00,54.23,53650.0,32.0,13287.2,-0.8660254037844386,0.5000000000000001,0.27123391067291003,0.9625134626077081,0,1,0,0,0,0,0,1,0
2024-01-16 21:00:00+01:00,54.39,56951.0,232.4,15352.0,-0.7071067811865477,0.7071067811865474,0.27123391067291003,0.9625134626077081,0,1,0,0,0,0,0,1,0
2024-01-16 22:00:00+01:00,66.69,61599.0,0.0,13894.7,-0.5000000000000004,0.8660254037844384,0.27123391067291003,0.9625134626077081,0,1,0,0,0,0,0,1,0
2024-01-16 23:00:00+01:00,72.99,64459.4,530.1,14937.3,-0.25881904510252157,0.9659258262890681,0.27123391067291003,0.9625134626077081,0,1,0,0,0,0,0,1,0
2024-01-17 00:00:00+01:00,79.24,65469.1,0.0,14512.6,0.0,1.0,0.287716767226167,0.9577155432887803,0,0,1,0,0,0,0,1,0
2024-01-17 01:00:00+01:00,91.69,63482.9,426.3,13622.6,0.25881904510252074,0.9659258262890683,0.287716767226167,0.9577155432887803,0,0,1,0,0,0,0,1,0
2024-01-17 02:00:00+01:00,86.92,61283.8,323.7,12673.7,0.49999999999999994,0.8660254037844387,0.287716767226167,0.9577155432887803,0,0,1,0,0,0,0,1,0
2024-01-17 03:00:00+01:00,58.26,56739.5,0.0,15141.4,0.7071067811865475,0.7071067811865476,0.287716767226167,0.9577155432887803,0,0,1,0,0,0,0,1,0
2024-01-17 04:00:00+01:00,64.98,54848.0,0.0,17008.6,0.8660254037844386,0.5000000000000001,0.287716767226167,0.9577155432887803,0,0,1,0,0,0,0,1,0
2024-01-17 05:00:00+01:00,66.89,52259.9,0.0,15064.5,0.9659258262890683,0.25881904510252074,0.287716767226167,0.9577155432887803,0,0,1,0,0,0,0,1,0
2024-01-17 06:00:00+01:00,62.83,50712.8,156.0,14413.7,1.0,6.123233995736766e-17,0.287716767226167,0.9577155432887803,0,0,1,0,0,0,0,1,0
2024-01-17 07:00:00+01:00,55.12,50954.7,0.0,17091.9,0.9659258262890683,-0.25881904510252063,0.287716767226167,0.9577155432887803,0,0,1,0,0,0,0,1,0
2024-01-17 08:00:00+01:00,55.58,52908.7,2530.9,14059.5,0.8660254037844387,-0.49999999999999983,0.287716767226167,0.9577155432887803,0,0,1,0,0,0,0,1,0
2024-01-17 09:00:00+01:00,65.16,57692.6,5157.3,16674.5,0.7071067811865476,-0.7071067811865475,0.287716767226167,0.9577155432887803,0,0,1,0,0,0,0,1,0
2024-01-17 10:00:00+01:00,71.8,62095.8,7511.1,18742.1,0.49999999999999994,-0.8660254037844387,0.287716767226167,0.9577155432887803,0,0,1,0,0,0,0,1,0
2024-01-17 11:00:00+01:00,59.68,63547.5,8228.2,14976.0,0.258819045102521,-0.9659258262890682,0.287716767226167,0.9577155432887803,0,0,1,0,0,0,0,1,0
2024-01-17 12:00:00+01:00,66.05,63858.9,7829.5,17910.0,1.2246467991473532e-16,-1.0,0.287716767226167,0.9577155432887803,0,0,1,0,0,0,0,1,0
2024-01-17 13:00:00+01:00,73.51,64373.3,6862.6,18165.7,-0.2588190451025208,-0.9659258262890683,0.287716767226167,0.9577155432887803,0,0,1,0,0,0,0,1,0
2024-01-17 14:00:00+01:00,80.5,59272.6,5231.9,13217.8,-0.4999999999999998,-0.8660254037844388,0.287716767226167,0.9577155432887803,0,0,1,0,0,0,0,1,0
2024-01-17 15:00:00+01:00,67.25,57196.0,2670.3,17139.0,-0.7071067811865471,-0.7071067811865479,0.287716767226167,0.9577155432887803,0,0,1,0,0,0,0,1,0
2024-01-17 16:00:00+01:00,40.44,53657.8,0.0,16631.1,-0.8660254037844384,-0.5000000000000004,0.287716767226167,0.9577155432887803,0,0,1,0,0,0,0,1,0
2024-01-17 17:00:00+01:00,64.11,51695.6,0.0,16191.1,-0.9659258262890683,-0.25881904510252063,0.287716767226167,0.9577155432887803,0,0,1,0,0,0,0,1,0
2024-01-17 18:00:00+01:00,53.13,51497.5,0.0,15218.2,-1.0,-1.8369701987210297e-16,0.287716767226167,0.9577155432887803,0,0,1,0,0,0,0,1,0
2024-01-17 19:00:00+01:00,54.03,49868.8,0.0,14390.3,-0.9659258262890684,0.2588190451025203,0.287716767226167,0.9577155432887803,0,0,1,0,0,0,0,1,0
2024-01-17 20:00:00+01:00,51.03,53387.6,0.0,14920.0,-0.8660254037844386,0.5000000000000001,0.287716767226167,0.9577155432887803,0,0,1,0,0,0,0,1,0
2024-01-17 21:00:00+01:00,71.52,57812.6,295.8,18016.7,-0.7071067811865477,0.7071067811865474,0.287716767226167,0.9577155432887803,0,0,1,0,0,0,0,1,0
2024-01-17 22:00:00+01:00,73.46,62457.4,0.0,19052.5,-0.5000000000000004,0.8660254037844384,0.287716767226167,0.9577155432887803,0,0,1,0,0,0,0,1,0
2024-01-17 23:00:00+01:00,67.47,62400.8,0.0,16794.6,-0.25881904510252157,0.9659258262890681,0.287716767226167,0.9577155432887803,0,0,1,0,0,0,0,1,0
2024-01-18 00:00:00+01:00,80.75,65596.5,0.0,14014.4,0.0,1.0,0.30411483232751785,0.9526353808033826,0,0,0,1,0,0,0,1,0
2024-01-18 01:00:00+01:00,76.4,63176.1,0.0,16562.1,0.25881904510252074,0.9659258262890683,0.30411483232751785,0.9526353808033826,0,0,0,1,0,0,0,1,0
2024-01-18 02:00:00+01:00,72.51,62011.3,208.8,15309.5,0.49999999999999994,0.8660254037844387,0.30411483232751785,0.9526353808033826,0,0,0,1,0,0,0,1,0
2024-01-18 03:00:00+01:00,62.16,57760.1,111.6,18240.9,0.7071067811865475,0.7071067811865476,0.30411483232751785,0.9526353808033826,0,0,0,1,0,0,0,1,0
2024-01-18 04:00:00+01:00,51.89,53300.1,90.1,16647.5,0.8660254037844386,0.5000000000000001,0.30411483232751785,0.9526353808033826,0,0,0,1,0,0,0,1,0
2024-01-18 05:00:00+01:00,67.63,49858.7,0.0,13396.9,0.9659258262890683,0.25881904510252074,0.30411483232751785,0.9526353808033826,0,0,0,1,0,0,0,1,0
2024-01-18 06:00:00+01:00,68.5,50420.3,23.0,18080.9,1.0,6.123233995736766e-17,0.30411483232751785,0.9526353808033826,0,0,0,1,0,0,0,1,0
2024-01-18 07:00:00+01:00,68.27,52628.7,95.7,13310.3,0.9659258262890683,-0.25881904510252063,0.30411483232751785,0.9526353808033826,0,0,0,1,0,0,0,1,0
2024-01-18 08:00:00+01:00,62.57,53036.1,2515.8,16977.4,0.8660254037844387,-0.49999999999999983,0.30411483232751785,0.9526353808033826,0,0,0,1,0,0,0,1,0
2024-01-18 09:00:00+01:00,82.03,58817.4,5664.5,15659.4,0.7071067811865476,-0.7071067811865475,0.30411483232751785,0.9526353808033826,0,0,0,1,0,0,0,1,0
2024-01-18 10:00:00+01:00,50.22,59993.4,7509.6,14631.8,0.49999999999999994,-0.8660254037844387,0.30411483232751785,0.9526353808033826,0,0,0,1,0,0,0,1,0
2024-01-18 11:00:00+01:00,73.81,63638.9,7293.8,13944.2,0.258819045102521,-0.9659258262890682,0.30411483232751785,0.9526353808033826,0,0,0,1,0,0,0,1,0
2024-01-18 12:00:00+01:00,71.56,64019.7,8310.5,17114.4,1.2246467991473532e-16,-1.0,0.30411483232751785,0.9526353808033826,0,0,0,1,0,0,0,1,0
2024-01-18 13:00:00+01:00,72.99,63266.0,6459.5,15947.7,-0.2588190451025208,-0.9659258262890683,0.30411483232751785,0.9526353808033826,0,0,0,1,0,0,0,1,0
2024-01-18 14:00:00+01:00,56.3,61899.4,5251.7,17942.4,-0.4999999999999998,-0.8660254037844388,0.30411483232751785,0.9526353808033826,0,0,0,1,0,0,0,1,0
2024-01-18 15:00:00+01:00,77.2,59734.5,2748.9,14901.4,-0.7071067811865471,-0.7071067811865479,0.30411483232751785,0.9526353808033826,0,0,0,1,0,0,0,1,0
2024-01-18 16:00:00+01:00,64.05,53156.8,165.3,15849.3,-0.8660254037844384,-0.5000000000000004,0.30411483232751785,0.9526353808033826,0,0,0,1,0,0,0,1,0
2024-01-18 17:00:00+01:00,56.01,50423.8,138.3,16350.5,-0.9659258262890683,-0.25881904510252063,0.30411483232751785,0.9526353808033826,0,0,0,1,0,0,0,1,0
2024-01-18 18:00:00+01:00,54.19,49692.2,0.0,17709.7,-1.0,-1.8369701987210297e-16,0.30411483232751785,0.9526353808033826,0,0,0,1,0,0,0,1,0
2024-01-18 19:00:00+01:00,61.93,50727.7,0.0,15091.6,-0.9659258262890684,0.2588190451025203,0.30411483232751785,0.9526353808033826,0,0,0,1,0,0,0,1,0
2024-01-18 20:00:00+01:00,64.99,53307.4,106.8,17917.2,-0.8660254037844386,0.5000000000000001,0.30411483232751785,0.9526353808033826,0,0,0,1,0,0,0,1,0
2024-01-18 21:00:00+01:00,60.81,57379.5,0.0,14061.6,-0.7071067811865477,0.7071067811865474,0.30411483232751785,0.9526353808033826,0,0,0,1,0,0,0,1,0
2024-01-18 22:00:00+01:00,62.46,62349.5,0.0,14444.5,-0.5000000000000004,0.8660254037844384,0.30411483232751785,0.9526353808033826,0,0,0,1,0,0,0,1,0
2024-01-18 23:00:00+01:00,83.24,64627.9,0.0,14382.4,-0.25881904510252157,0.9659258262890681,0.30411483232751785,0.9526353808033826,0,0,0,1,0,0,0,1,0
2024-01-19 00:00:00+01:00,71.8,66797.2,0.0,17497.9,0.0,1.0,0.3204232733919111,0.9472744722987169,0,0,0,0,1,0,0,1,0
2024-01-19 01:00:00+01:00,78.26,64700.4,99.0,16671.3,0.25881904510252074,0.9659258262890683,0.3204232733919111,0.9472744722987169,0,0,0,0,1,0,0,1,0
2024-01-19 02:00:00+01:00,48.98,61618.4,0.0,18007.2,0.49999999999999994,0.8660254037844387,0.3204232733919111,0.9472744722987169,0,0,0,0,1,0,0,1,0
2024-01-19 03:00:00+01:00,57.02,58833.9,0.0,17913.6,0.7071067811865475,0.7071067811865476,0.3204232733919111,0.9472744722987169,0,0,0,0,1,0,0,1,0
2024-01-19 04:00:00+01:00,56.73,54265.3,524.3,18634.4,0.8660254037844386,0.5000000000000001,0.3204232733919111,0.9472744722987169,0,0,0,0,1,0,0,1,0
2024-01-19 05:00:00+01:00,63.83,51329.6,0.0,19797.0,0.9659258262890683,0.25881904510252074,0.3204232733919111,0.9472744722987169,0,0,0,0,1,0,0,1,0
2024-01-19 06:00:00+01:00,63.54,49511.3,0.0,16457.6,1.0,6.123233995736766e-17,0.3204232733919111,0.9472744722987169,0,0,0,0,1,0,0,1,0
2024-01-19 07:00:00+01:00,55.03,52309.0,0.0,16772.4,0.9659258262890683,-0.25881904510252063,0.3204232733919111,0.9472744722987169,0,0,0,0,1,0,0,1,0
2024-01-19 08:00:00+01:00,56.6,54546.6,2457.2,17153.8,0.8660254037844387,-0.49999999999999983,0.3204232733919111,0.9472744722987169,0,0,0,0,1,0,0,1,0
2024-01-19 09:00:00+01:00,67.73,56730.0,5212.3,17691.2,0.7071067811865476,-0.7071067811865475,0.3204232733919111,0.9472744722987169,0,0,0,0,1,0,0,1,0
2024-01-19 10:00:00+01:00,57.82,60294.8,6869.9,17601.7,0.49999999999999994,-0.8660254037844387,0.3204232733919111,0.9472744722987169,0,0,0,0,1,0,0,1,0
2024-01-19 11:00:00+01:00,62.21,63396.7,8629.3,19197.8,0.258819045102521,-0.9659258262890682,0.3204232733919111,0.9472744722987169,0,0,0,0,1,0,0,1,0
2024-01-19 12:00:00+01:00,58.57,65820.3,8256.0,18932.7,1.2246467991473532e-16,-1.0,0.3204232733919111,0.9472744722987169,0,0,0,0,1,0,0,1,0
2024-01-19 13:00:00+01:00,66.26,61963.0,7111.4,19020.9,-0.2588190451025208,-0.9659258262890683,0.3204232733919111,0.9472744722987169,0,0,0,0,1,0,0,1,0
2024-01-19 14:00:00+01:00,64.28,61484.5,5174.5,18492.7,-0.4999999999999998,-0.8660254037844388,0.3204232733919111,0.9472744722987169,0,0,0,0,1,0,0,1,0
2024-01-19 15:00:00+01:00,60.09,57249.3,2529.0,16165.3,-0.7071067811865471,-0.7071067811865479,0.3204232733919111,0.9472744722987169,0,0,0,0,1,0,0,1,0
2024-01-19 16:00:00+01:00,55.19,54030.2,0.0,17561.8,-0.8660254037844384,-0.5000000000000004,0.3204232733919111,0.9472744722987169,0,0,0,0,1,0,0,1,0
2024-01-19 17:00:00+01:00,41.43,51087.7,510.7,20743.3,-0.9659258262890683,-0.25881904510252063,0.3204232733919111,0.9472744722987169,0,0,0,0,1,0,0,1,0
2024-01-19 18:00:00+01:00,62.9,49972.6,220.8,16140.3,-1.0,-1.8369701987210297e-16,0.3204232733919111,0.9472744722987169,0,0,0,0,1,0,0,1,0
2024-01-19 19:00:00+01:00,59.15,50350.6,261.0,19986.3,-0.9659258262890684,0.2588190451025203,0.3204232733919111,0.9472744722987169,0,0,0,0,1,0,0,1,0
2024-01-19 20:00:00+01:00,65.12,53987.4,0.0,19179.0,-0.8660254037844386,0.5000000000000001,0.3204232733919111,0.9472744722987169,0,0,0,0,1,0,0,1,0
2024-01-19 21:00:00+01:00,63.75,59056.0,0.0,18805.7,-0.7071067811865477,0.7071067811865474,0.3204232733919111,0.9472744722987169,0,0,0,0,1,0,0,1,0
2024-01-19 22:00:00+01:00,78.76,60302.9,0.0,18617.3,-0.5000000000000004,0.8660254037844384,0.3204232733919111,0.9472744722987169,0,0,0,0,1,0,0,1,0
2024-01-19 23:00:00+01:00,81.28,62423.7,0.0,19293.0,-0.25881904510252157,0.9659258262890681,0.3204232733919111,0.9472744722987169,0,0,0,0,1,0,0,1,0
2024-01-20 00:00:00+01:00,87.02,66270.6,0.0,19757.7,0.0,1.0,0.33663728424691025,0.9416343976591259,0,0,0,0,0,1,0,1,0
2024-01-20 01:00:00+01:00,74.05,63842.4,102.0,23218.9,0.25881904510252074,0.9659258262890683,0.33663728424691025,0.9416343976591259,0,0,0,0,0,1,0,1,0
2024-01-20 02:00:00+01:00,60.95,60547.3,0.0,21337.1,0.49999999999999994,0.8660254037844387,0.33663728424691025,0.9416343976591259,0,0,0,0,0,1,0,1,0
2024-01-20 03:00:00+01:00,61.12,55514.8,0.0,21907.8,0.7071067811865475,0.7071067811865476,0.33663728424691025,0.9416343976591259,0,0,0,0,0,1,0,1,0
2024-01-20 04:00:00+01:00,52.97,53204.4,0.0,18149.0,0.8660254037844386,0.5000000000000001,0.33663728424691025,0.9416343976591259,0,0,0,0,0,1,0,1,0
2024-01-20 05:00:00+01:00,60.83,49421.7,5.3,20463.8,0.9659258262890683,0.25881904510252074,0.33663728424691025,0.9416343976591259,0,0,0,0,0,1,0,1,0
2024-01-20 06:00:00+01:00,58.23,50773.0,303.0,20882.1,1.0,6.123233995736766e-17,0.33663728424691025,0.9416343976591259,0,0,0,0,0,1,0,1,0
2024-01-20 07:00:00+01:00,62.23,50721.6,305.1,22774.4,0.9659258262890683,-0.25881904510252063,0.33663728424691025,0.9416343976591259,0,0,0,0,0,1,0,1,0
2024-01-20 08:00:00+01:00,54.25,53817.3,2960.5,21014.9,0.8660254037844387,-0.49999999999999983,0.33663728424691025,0.9416343976591259,0,0,0,0,0,1,0,1,0
2024-01-20 09:00:00+01:00,56.82,58198.6,5169.4,19817.2,0.7071067811865476,-0.7071067811865475,0.33663728424691025,0.9416343976591259,0,0,0,0,0,1,0,1,0
2024-01-20 10:00:00+01:00,64.48,61612.3,6764.7,20184.2,0.49999999999999994,-0.8660254037844387,0.33663728424691025,0.9416343976591259,0,0,0,0,0,1,0,1,0
2024-01-20 11:00:00+01:00,72.52,63103.3,8097.7,18800.8,0.258819045102521,-0.9659258262890682,0.33663728424691025,0.9416343976591259,0,0,0,0,0,1,0,1,0
2024-01-20 12:00:00+01:00,72.22,64177.9,7775.7,17719.6,1.2246467991473532e-16,-1.0,0.33663728424691025,0.9416343976591259,0,0,0,0,0,1,0,1,0
2024-01-20 13:00:00+01:00,56.64,63668.5,6660.6,20484.7,-0.2588190451025208,-0.9659258262890683,0.33663728424691025,0.9416343976591259,0,0,0,0,0,1,0,1,0
2024-01-20 14:00:00+01:00,52.04,60724.7,5062.5,19457.6,-0.4999999999999998,-0.8660254037844388,0.33663728424691025,0.9416343976591259,0,0,0,0,0,1,0,1,0
2024-01-20 15:00:00+01:00,67.47,56524.3,2146.7,22090.0,-0.7071067811865471,-0.7071067811865479,0.33663728424691025,0.9416343976591259,0,0,0,0,0,1,0,1,0
2024-01-20 16:00:00+01:00,61.01,55227.9,124.1,20466.4,-0.8660254037844384,-0.5000000000000004,0.33663728424691025,0.9416343976591259,0,0,0,0,0,1,0,1,0
2024-01-20 17:00:00+01:00,49.96,50513.5,280.7,24100.0,-0.9659258262890683,-0.25881904510252063,0.33663728424691025,0.9416343976591259,0,0,0,0,0,1,0,1,0
2024-01-20 18:00:00+01:00,62.74,49909.0,129.2,21147.1,-1.0,-1.8369701987210297e-16,0.33663728424691025,0.9416343976591259,0,0,0,0,0,1,0,1,0
2024-01-20 19:00:00+01:00,43.49,50261.2,0.0,22204.7,-0.9659258262890684,0.2588190451025203,0.33663728424691025,0.9416343976591259,0,0,0,0,0,1,0,1,0
2024-01-20 20:00:00+01:00,54.75,53666.7,0.0,20732.3,-0.8660254037844386,0.5000000000000001,0.33663728424691025,0.9416343976591259,0,0,0,0,0,1,0,1,0
2024-01-20 21:00:00+01:00,78.55,56554.2,78.1,19600.2,-0.7071067811865477,0.7071067811865474,0.33663728424691025,0.9416343976591259,0,0,0,0,0,1,0,1,0
2024-01-20 22:00:00+01:00,68.03,60025.1,0.0,22236.1,-0.5000000000000004,0.8660254037844384,0.33663728424691025,0.9416343976591259,0,0,0,0,0,1,0,1,0
2024-01-20 23:00:00+01:00,49.78,64721.6,11.6,23489.1,-0.25881904510252157,0.9659258262890681,0.33663728424691025,0.9416343976591259,0,0,0,0,0,1,0,1,0
2024-01-21 00:00:00+01:00,77.82,66660.7,175.6,20115.9,0.0,1.0,0.3527520865490948,0.9357168190404936,0,0,0,0,0,0,1,1,0
2024-01-21 01:00:00+01:00,73.85,63118.6,0.0,25358.4,0.25881904510252074,0.9659258262890683,0.3527520865490948,0.9357168190404936,0,0,0,0,0,0,1,1,0
2024-01-21 02:00:00+01:00,62.55,61178.4,0.0,23131.3,0.49999999999999994,0.8660254037844387,0.3527520865490948,0.9357168190404936,0,0,0,0,0,0,1,1,0
2024-01-21 03:00:00+01:00,59.39,58049.6,179.5,23360.3,0.7071067811865475,0.7071067811865476,0.3527520865490948,0.9357168190404936,0,0,0,0,0,0,1,1,0
2024-01-21 04:00:00+01:00,53.82,55483.7,0.0,23394.4,0.8660254037844386,0.5000000000000001,0.3527520865490948,0.9357168190404936,0,0,0,0,0,0,1,1,0
2024-01-21 05:00:00+01:00,74.16,50569.5,304.6,23699.3,0.9659258262890683,0.25881904510252074,0.3527520865490948,0.9357168190404936,0,0,0,0,0,0,1,1,0
2024-01-21 06:00:00+01:00,61.39,50902.0,0.0,23149.8,1.0,6.123233995736766e-17,0.3527520865490948,0.9357168190404936,0,0,0,0,0,0,1,1,0
2024-01-21 07:00:00+01:00,49.15,49568.9,0.0,22209.7,0.9659258262890683,-0.25881904510252063,0.3527520865490948,0.9357168190404936,0,0,0,0,0,0,1,1,0
2024-01-21 08:00:00+01:00,52.5,53898.4,2811.4,20200.0,0.8660254037844387,-0.49999999999999983,0.3527520865490948,0.9357168190404936,0,0,0,0,0,0,1,1,0
2024-01-21 09:00:00+01:00,45.45,56174.6,5773.1,21247.8,0.7071067811865476,-0.7071067811865475,0.3527520865490948,0.9357168190404936,0,0,0,0,0,0,1,1,0
2024-01-21 10:00:00+01:00,53.23,62720.6,6615.3,25685.5,0.49999999999999994,-0.8660254037844387,0.3527520865490948,0.9357168190404936,0,0,0,0,0,0,1,1,0
2024-01-21 11:00:00+01:00,62.49,64063.9,8576.8,20185.4,0.258819045102521,-0.9659258262890682,0.3527520865490948,0.9357168190404936,0,0,0,0,0,0,1,1,0
2024-01-21 12:00:00+01:00,64.55,66134.7,7105.6,22875.1,1.2246467991473532e-16,-1.0,0.3527520865490948,0.9357168190404936,0,0,0,0,0,0,1,1,0
2024-01-21 13:00:00+01:00,71.08,62706.1,6662.3,26226.6,-0.2588190451025208,-0.9659258262890683,0.3527520865490948,0.9357168190404936,0,0,0,0,0,0,1,1,0
2024-01-21 14:00:00+01:00,57.0,58893.0,4951.9,23546.1,-0.4999999999999998,-0.8660254037844388,0.3527520865490948,0.9357168190404936,0,0,0,0,0,0,1,1,0
2024-01-21 15:00:00+01:00,50.54,56979.9,3449.9,24934.2,-0.7071067811865471,-0.7071067811865479,0.3527520865490948,0.9357168190404936,0,0,0,0,0,0,1,1,0
2024-01-21 16:00:00+01:00,54.04,53339.0,378.6,23123.7,-0.8660254037844384,-0.5000000000000004,0.3527520865490948,0.9357168190404936,0,0,0,0,0,0,1,1,0
2024-01-21 17:00:00+01:00,51.5,51749.4,0.0,26008.3,-0.9659258262890683,-0.25881904510252063,0.3527520865490948,0.9357168190404936,0,0,0,0,0,0,1,1,0
2024-01-21 18:00:00+01:00,56.45,50356.4,0.0,26889.8,-1.0,-1.8369701987210297e-16,0.3527520865490948,0.9357168190404936,0,0,0,0,0,0,1,1,0
2024-01-21 19:00:00+01:00,63.26,51429.8,470.4,22553.8,-0.9659258262890684,0.2588190451025203,0.3527520865490948,0.9357168190404936,0,0,0,0,0,0,1,1,0
2024-01-21 20:00:00+01:00,72.79,53261.4,0.0,23383.9,-0.8660254037844386,0.5000000000000001,0.3527520865490948,0.9357168190404936,0,0,0,0,0,0,1,1,0
2024-01-21 21:00:00+01:00,55.67,56488.9,0.0,23820.9,-0.7071067811865477,0.7071067811865474,0.3527520865490948,0.9357168190404936,0,0,0,0,0,0,1,1,0
2024-01-21 22:00:00+01:00,54.86,61433.6,0.0,28133.6,-0.5000000000000004,0.8660254037844384,0.3527520865490948,0.9357168190404936,0,0,0,0,0,0,1,1,0
2024-01-21 23:00:00+01:00,73.58,63430.1,444.5,26337.9,-0.25881904510252157,0.9659258262890681,0.3527520865490948,0.9357168190404936,0,0,0,0,0,0,1,1,0
2024-01-22 00:00:00+01:00,77.24,64685.5,155.0,26438.6,0.0,1.0,0.3687629311922601,0.9295234803804003,1,0,0,0,0,0,0,1,0
2024-01-22 01:00:00+01:00,62.86,64954.7,228.6,26919.1,0.25881904510252074,0.9659258262890683,0.3687629311922601,0.9295234803804003,1,0,0,0,0,0,0,1,0
2024-01-22 02:00:00+01:00,67.5,61277.6,0.0,25438.2,0.49999999999999994,0.8660254037844387,0.3687629311922601,0.9295234803804003,1,0,0,0,0,0,0,1,0
2024-01-22 03:00:00+01:00,46.39,58126.5,17.7,28569.3,0.7071067811865475,0.7071067811865476,0.3687629311922601,0.9295234803804003,1,0,0,0,0,0,0,1,0
2024-01-22 04:00:00+01:00,58.24,53814.4,0.0,26151.7,0.8660254037844386,0.5000000000000001,0.3687629311922601,0.9295234803804003,1,0,0,0,0,0,0,1,0
2024-01-22 05:00:00+01:00,59.81,48766.3,178.2,25414.0,0.9659258262890683,0.25881904510252074,0.3687629311922601,0.9295234803804003,1,0,0,0,0,0,0,1,0
2024-01-22 06:00:00+01:00,57.4,48852.2,0.0,28543.0,1.0,6.123233995736766e-17,0.3687629311922601,0.9295234803804003,1,0,0,0,0,0,0,1,0
2024-01-22 07:00:00+01:00,64.68,51358.8,0.0,25151.5,0.9659258262890683,-0.25881904510252063,0.3687629311922601,0.9295234803804003,1,0,0,0,0,0,0,1,0
2024-01-22 08:00:00+01:00,38.71,54674.6,3001.0,26226.6,0.8660254037844387,-0.49999999999999983,0.3687629311922601,0.9295234803804003,1,0,0,0,0,0,0,1,0
2024-01-22 09:00:00+01:00,58.54,58716.3,5157.5,26427.5,0.7071067811865476,-0.7071067811865475,0.3687629311922601,0.9295234803804003,1,0,0,0,0,0,0,1,0
2024-01-22 10:00:00+01:00,49.78,63040.1,7044.6,25235.0,0.49999999999999994,-0.8660254037844387,0.3687629311922601,0.9295234803804003,1,0,0,0,0,0,0,1,0
2024-01-22 11:00:00+01:00,68.24,61894.4,7860.4,24042.6,0.258819045102521,-0.9659258262890682,0.3687629311922601,0.9295234803804003,1,0,0,0,0,0,0,1,0
2024-01-22 12:00:00+01:00,58.96,64226.1,7782.8,25270.5,1.2246467991473532e-16,-1.0,0.3687629311922601,0.9295234803804003,1,0,0,0,0,0,0,1,0
2024-01-22 13:00:00+01:00,59.6,63613.4,7042.6,27157.0,-0.2588190451025208,-0.9659258262890683,0.3687629311922601,0.9295234803804003,1,0,0,0,0,0,0,1,0
2024-01-22 14:00:00+01:00,64.87,61802.8,5572.7,26058.9,-0.4999999999999998,-0.8660254037844388,0.3687629311922601,0.9295234803804003,1,0,0,0,0,0,0,1,0
2024-01-22 15:00:00+01:00,60.62,56399.9,2261.9,27470.5,-0.7071067811865471,-0.7071067811865479,0.3687629311922601,0.9295234803804003,1,0,0,0,0,0,0,1,0
2024-01-22 16:00:00+01:00,64.04,53463.4,0.0,27176.4,-0.8660254037844384,-0.5000000000000004,0.3687629311922601,0.9295234803804003,1,0,0,0,0,0,0,1,0
2024-01-22 17:00:00+01:00,44.22,51978.7,290.6,30521.8,-0.9659258262890683,-0.25881904510252063,0.3687629311922601,0.9295234803804003,1,0,0,0,0,0,0,1,0
2024-01-22 18:00:00+01:00,48.14,49444.4,0.0,27559.2,-1.0,-1.8369701987210297e-16,0.3687629311922601,0.9295234803804003,1,0,0,0,0,0,0,1,0
2024-01-22 19:00:00+01:00,63.61,51038.7,88.9,28890.4,-0.9659258262890684,0.2588190451025203,0.3687629311922601,0.9295234803804003,1,0,0,0,0,0,0,1,0
2024-01-22 20:00:00+01:00,52.65,53899.9,0.0,29169.8,-0.8660254037844386,0.5000000000000001,0.3687629311922601,0.9295234803804003,1,0,0,0,0,0,0,1,0
2024-01-22 21:00:00+01:00,63.96,58006.2,0.0,25505.3,-0.7071067811865477,0.7071067811865474,0.3687629311922601,0.9295234803804003,1,0,0,0,0,0,0,1,0
2024-01-22 22:00:00+01:00,58.65,62036.5,0.0,28550.2,-0.5000000000000004,0.8660254037844384,0.3687629311922601,0.9295234803804003,1,0,0,0,0,0,0,1,0
2024-01-22 23:00:00+01:00,78.28,64571.0,0.0,29039.3,-0.25881904510252157,0.9659258262890681,0.3687629311922601,0.9295234803804003,1,0,0,0,0,0,0,1,0
2024-01-23 00:00:00+01:00,70.3,66910.2,253.8,26952.7,0.0,1.0,0.3846650997070012,0.9230562068841761,0,1,0,0,0,0,0,1,0
2024-01-23 01:00:00+01:00,70.24,64873.1,0.0,27054.0,0.25881904510252074,0.9659258262890683,0.3846650997070012,0.9230562068841761,0,1,0,0,0,0,0,1,0
2024-01-23 02:00:00+01:00,66.44,61126.7,200.1,30936.5,0.49999999999999994,0.8660254037844387,0.3846650997070012,0.9230562068841761,0,1,0,0,0,0,0,1,0
2024-01-23 03:00:00+01:00,61.36,58688.2,0.0,30735.2,0.7071067811865475,0.7071067811865476,0.3846650997070012,0.9230562068841761,0,1,0,0,0,0,0,1,0
2024-01-23 04:00:00+01:00,57.64,53394.8,0.0,29447.8,0.8660254037844386,0.5000000000000001,0.3846650997070012,0.9230562068841761,0,1,0,0,0,0,0,1,0
2024-01-23 05:00:00+01:00,54.67,51054.6,60.8,30577.9,0.9659258262890683,0.25881904510252074,0.3846650997070012,0.9230562068841761,0,1,0,0,0,0,0,1,0
2024-01-23 06:00:00+01:00,42.08,50058.1,0.0,27789.4,1.0,6.123233995736766e-17,0.3846650997070012,0.9230562068841761,0,1,0,0,0,0,0,1,0
2024-01-23 07:00:00+01:00,47.8,53081.7,0.0,30548.6,0.9659258262890683,-0.25881904510252063,0.3846650997070012,0.9230562068841761,0,1,0,0,0,0,0,1,0
2024-01-23 08:00:00+01:00,45.08,53440.3,2629.5,29906.5,0.8660254037844387,-0.49999999999999983,0.3846650997070012,0.9230562068841761,0,1,0,0,0,0,0,1,0
2024-01-23 09:00:00+01:00,62.64,56214.2,5024.3,29363.1,0.7071067811865476,-0.7071067811865475,0.3846650997070012,0.9230562068841761,0,1,0,0,0,0,0,1,0
2024-01-23 10:00:00+01:00,60.46,61487.1,6914.5,31093.8,0.49999999999999994,-0.8660254037844387,0.3846650997070012,0.9230562068841761,0,1,0,0,0,0,0,1,0
2024-01-23 11:00:00+01:00,70.4,65617.9,8211.4,27986.5,0.258819045102521,-0.9659258262890682,0.3846650997070012,0.9230562068841761,0,1,0,0,0,0,0,1,0
2024-01-23 12:00:00+01:00,72.51,65627.3,8268.4,28223.7,1.2246467991473532e-16,-1.0,0.3846650997070012,0.9230562068841761,0,1,0,0,0,0,0,1,0
2024-01-23 13:00:00+01:00,69.76,66293.0,7103.9,30021.9,-0.2588190451025208,-0.9659258262890683,0.3846650997070012,0.9230562068841761,0,1,0,0,0,0,0,1,0
2024-01-23 14:00:00+01:00,60.66,60447.3,5203.8,30841.3,-0.4999999999999998,-0.8660254037844388,0.3846650997070012,0.9230562068841761,0,1,0,0,0,0,0,1,0
2024-01-23 15:00:00+01:00,48.06,57583.8,3099.8,28294.8,-0.7071067811865471,-0.7071067811865479,0.3846650997070012,0.9230562068841761,0,1,0,0,0,0,0,1,0
2024-01-23 16:00:00+01:00,40.04,53162.2,0.0,32696.1,-0.8660254037844384,-0.5000000000000004,0.3846650997070012,0.9230562068841761,0,1,0,0,0,0,0,1,0
2024-01-23 17:00:00+01:00,56.33,51046.1,11.4,28128.5,-0.9659258262890683,-0.25881904510252063,0.3846650997070012,0.9230562068841761,0,1,0,0,0,0,0,1,0
2024-01-23 18:00:00+01:00,45.5,49823.3,0.0,29059.8,-1.0,-1.8369701987210297e-16,0.3846650997070012,0.9230562068841761,0,1,0,0,0,0,0,1,0
2024-01-23 19:00:00+01:00,52.5,49058.4,0.0,30086.4,-0.9659258262890684,0.2588190451025203,0.3846650997070012,0.9230562068841761,0,1,0,0,0,0,0,1,0
2024-01-23 20:00:00+01:00,44.9,54064.8,0.0,33203.5,-0.8660254037844386,0.5000000000000001,0.3846650997070012,0.9230562068841761,0,1,0,0,0,0,0,1,0
2024-01-23 21:00:00+01:00,53.58,56573.9,247.9,32348.4,-0.7071067811865477,0.7071067811865474,0.3846650997070012,0.9230562068841761,0,1,0,0,0,0,0,1,0
2024-01-23 22:00:00+01:00,50.0,61155.7,0.0,31137.0,-0.5000000000000004,0.8660254037844384,0.3846650997070012,0.9230562068841761,0,1,0,0,0,0,0,1,0
2024-01-23 23:00:00+01:00,58.44,63197.6,0.0,31816.6,-0.25881904510252157,0.9659258262890681,0.3846650997070012,0.9230562068841761,0,1,0,0,0,0,0,1,0
2024-01-24 00:00:00+01:00,69.42,65074.8,592.0,30310.4,0.0,1.0,0.40045390565126643,0.9163169044870048,0,0,1,0,0,0,0,1,0
2024-01-24 01:00:00+01:00,47.77,65230.8,0.0,30404.1,0.25881904510252074,0.9659258262890683,0.40045390565126643,0.9163169044870048,0,0,1,0,0,0,0,1,0
2024-01-24 02:00:00+01:00,61.34,59877.5,0.0,33555.2,0.49999999999999994,0.8660254037844387,0.40045390565126643,0.9163169044870048,0,0,1,0,0,0,0,1,0
2024-01-24 03:00:00+01:00,53.39,57506.2,0.0,29881.7,0.7071067811865475,0.7071067811865476,0.40045390565126643,0.9163169044870048,0,0,1,0,0,0,0,1,0
2024-01-24 04:00:00+01:00,65.22,53515.9,0.0,31692.5,0.8660254037844386,0.5000000000000001,0.40045390565126643,0.9163169044870048,0,0,1,0,0,0,0,1,0
2024-01-24 05:00:00+01:00,43.83,49183.2,0.0,31112.1,0.9659258262890683,0.25881904510252074,0.40045390565126643,0.9163169044870048,0,0,1,0,0,0,0,1,0
2024-01-24 06:00:00+01:00,53.14,50287.0,0.0,33075.8,1.0,6.123233995736766e-17,0.40045390565126643,0.9163169044870048,0,0,1,0,0,0,0,1,0
2024-01-24 07:00:00+01:00,45.41,50460.2,273.2,33351.6,0.9659258262890683,-0.25881904510252063,0.40045390565126643,0.9163169044870048,0,0,1,0,0,0,0,1,0
2024-01-24 08:00:00+01:00,50.26,54197.7,2215.4,33550.2,0.8660254037844387,-0.49999999999999983,0.40045390565126643,0.9163169044870048,0,0,1,0,0,0,0,1,0
2024-01-24 09:00:00+01:00,45.54,57566.8,5672.8,30631.9,0.7071067811865476,-0.7071067811865475,0.40045390565126643,0.9163169044870048,0,0,1,0,0,0,0,1,0
2024-01-24 10:00:00+01:00,57.49,61790.5,6887.9,33712.6,0.49999999999999994,-0.8660254037844387,0.40045390565126643,0.9163169044870048,0,0,1,0,0,0,0,1,0
2024-01-24 11:00:00+01:00,53.57,63421.3,8024.5,32050.3,0.258819045102521,-0.9659258262890682,0.40045390565126643,0.9163169044870048,0,0,1,0,0,0,0,1,0
2024-01-24 12:00:00+01:00,58.85,63165.8,8016.4,29810.0,1.2246467991473532e-16,-1.0,0.40045390565126643,0.9163169044870048,0,0,1,0,0,0,0,1,0
2024-01-24 13:00:00+01:00,55.11,63388.4,6602.7,33066.8,-0.2588190451025208,-0.9659258262890683,0.40045390565126643,0.9163169044870048,0,0,1,0,0,0,0,1,0
2024-01-24 14:00:00+01:00,62.36,62157.1,4746.7,34651.3,-0.4999999999999998,-0.8660254037844388,0.40045390565126643,0.9163169044870048,0,0,1,0,0,0,0,1,0
2024-01-24 15:00:00+01:00,55.91,57638.2,1870.2,30981.2,-0.7071067811865471,-0.7071067811865479,0.40045390565126643,0.9163169044870048,0,0,1,0,0,0,0,1,0
2024-01-24 16:00:00+01:00,38.07,52595.6,0.0,33166.8,-0.8660254037844384,-0.5000000000000004,0.40045390565126643,0.9163169044870048,0,0,1,0,0,0,0,1,0
2024-01-24 17:00:00+01:00,53.56,49898.9,354.1,34013.0,-0.9659258262890683,-0.25881904510252063,0.40045390565126643,0.9163169044870048,0,0,1,0,0,0,0,1,0
2024-01-24 18:00:00+01:00,34.3,49877.9,177.1,36649.1,-1.0,-1.8369701987210297e-16,0.40045390565126643,0.9163169044870048,0,0,1,0,0,0,0,1,0
2024-01-24 19:00:00+01:00,44.88,51462.8,33.4,33358.0,-0.9659258262890684,0.2588190451025203,0.40045390565126643,0.9163169044870048,0,0,1,0,0,0,0,1,0
2024-01-24 20:00:00+01:00,58.33,53923.5,0.0,31140.9,-0.8660254037844386,0.5000000000000001,0.40045390565126643,0.9163169044870048,0,0,1,0,0,0,0,1,0
2024-01-24 21:00:00+01:00,66.55,58141.1,0.0,33423.3,-0.7071067811865477,0.7071067811865474,0.40045390565126643,0.9163169044870048,0,0,1,0,0,0,0,1,0
2024-01-24 22:00:00+01:00,39.13,61695.8,999.4,32082.8,-0.5000000000000004,0.8660254037844384,0.40045390565126643,0.9163169044870048,0,0,1,0,0,0,0,1,0
2024-01-24 23:00:00+01:00,57.44,63323.4,0.0,33244.9,-0.25881904510252157,0.9659258262890681,0.40045390565126643,0.9163169044870048,0,0,1,0,0,0,0,1,0
2024-01-25 00:00:00+01:00,64.06,65763.2,280.8,32400.0,0.0,1.0,0.41612469599147445,0.9093075592922358,0,0,0,1,0,0,0,1,0
2024-01-25 01:00:00+01:00,64.1,63887.3,0.0,34920.1,0.25881904510252074,0.9659258262890683,0.41612469599147445,0.9093075592922358,0,0,0,1,0,0,0,1,0
2024-01-25 02:00:00+01:00,50.91,59509.7,0.0,33384.9,0.49999999999999994,0.8660254037844387,0.41612469599147445,0.9093075592922358,0,0,0,1,0,0,0,1,0
2024-01-25 03:00:00+01:00,45.97,59112.6,0.0,33030.3,0.7071067811865475,0.7071067811865476,0.41612469599147445,0.9093075592922358,0,0,0,1,0,0,0,1,0
2024-01-25 04:00:00+01:00,55.55,53408.6,193.7,34084.2,0.8660254037844386,0.5000000000000001,0.41612469599147445,0.9093075592922358,0,0,0,1,0,0,0,1,0
2024-01-25 05:00:00+01:00,41.97,51802.1,0.0,33694.3,0.9659258262890683,0.25881904510252074,0.41612469599147445,0.9093075592922358,0,0,0,1,0,0,0,1,0
2024-01-25 06:00:00+01:00,50.49,49073.0,0.0,32753.3,1.0,6.123233995736766e-17,0.41612469599147445,0.9093075592922358,0,0,0,1,0,0,0,1,0
2024-01-25 07:00:00+01:00,53.15,50491.9,411.0,31766.3,0.9659258262890683,-0.25881904510252063,0.41612469599147445,0.9093075592922358,0,0,0,1,0,0,0,1,0
2024-01-25 08:00:00+01:00,46.02,53646.9,2994.6,34528.0,0.8660254037844387,-0.49999999999999983,0.41612469599147445,0.9093075592922358,0,0,0,1,0,0,0,1,0
2024-01-25 09:00:00+01:00,39.89,56475.2,5213.4,34754.2,0.7071067811865476,-0.7071067811865475,0.41612469599147445,0.9093075592922358,0,0,0,1,0,0,0,1,0
2024-01-25 10:00:00+01:00,71.5,62144.6,7257.4,30262.9,0.49999999999999994,-0.8660254037844387,0.41612469599147445,0.9093075592922358,0,0,0,1,0,0,0,1,0
2024-01-25 11:00:00+01:00,52.43,63541.1,7936.2,32588.3,0.258819045102521,-0.9659258262890682,0.41612469599147445,0.9093075592922358,0,0,0,1,0,0,0,1,0
2024-01-25 12:00:00+01:00,47.84,63411.0,7653.9,35172.0,1.2246467991473532e-16,-1.0,0.41612469599147445,0.9093075592922358,0,0,0,1,0,0,0,1,0
2024-01-25 13:00:00+01:00,63.49,65090.4,7125.2,36572.5,-0.2588190451025208,-0.9659258262890683,0.41612469599147445,0.9093075592922358,0,0,0,1,0,0,0,1,0
2024-01-25 14:00:00+01:00,41.04,60553.1,5071.1,36847.1,-0.4999999999999998,-0.8660254037844388,0.41612469599147445,0.9093075592922358,0,0,0,1,0,0,0,1,0
2024-01-25 15:00:00+01:00,48.31,56197.9,2523.3,35689.7,-0.7071067811865471,-0.7071067811865479,0.41612469599147445,0.9093075592922358,0,0,0,1,0,0,0,1,0
2024-01-25 16:00:00+01:00,55.1,53407.6,0.0,34852.6,-0.8660254037844384,-0.5000000000000004,0.41612469599147445,0.9093075592922358,0,0,0,1,0,0,0,1,0
2024-01-25 17:00:00+01:00,52.73,50582.2,29.3,32372.5,-0.9659258262890683,-0.25881904510252063,0.41612469599147445,0.9093075592922358,0,0,0,1,0,0,0,1,0
2024-01-25 18:00:00+01:00,41.51,48449.4,69.0,31996.0,-1.0,-1.8369701987210297e-16,0.41612469599147445,0.9093075592922358,0,0,0,1,0,0,0,1,0
2024-01-25 19:00:00+01:00,42.92,49909.2,29.1,33111.5,-0.9659258262890684,0.2588190451025203,0.41612469599147445,0.9093075592922358,0,0,0,1,0,0,0,1,0
2024-01-25 20:00:00+01:00,38.26,53273.2,286.3,34930.8,-0.8660254037844386,0.5000000000000001,0.41612469599147445,0.9093075592922358,0,0,0,1,0,0,0,1,0
2024-01-25 21:00:00+01:00,43.55,57098.8,0.0,34450.8,-0.7071067811865477,0.7071067811865474,0.41612469599147445,0.9093075592922358,0,0,0,1,0,0,0,1,0
2024-01-25 22:00:00+01:00,53.3,62935.4,0.0,34249.0,-0.5000000000000004,0.8660254037844384,0.41612469599147445,0.9093075592922358,0,0,0,1,0,0,0,1,0
2024-01-25 23:00:00+01:00,45.33,63760.1,338.9,33515.9,-0.25881904510252157,0.9659258262890681,0.41612469599147445,0.9093075592922358,0,0,0,1,0,0,0,1,0
2024-01-26 00:00:00+01:00,65.43,65329.6,288.2,34200.9,0.0,1.0,0.43167285247378384,0.9020302369860707,0,0,0,0,1,0,0,1,0
2024-01-26 01:00:00+01:00,70.08,65090.0,0.0,35761.4,0.25881904510252074,0.9659258262890683,0.43167285247378384,0.9020302369860707,0,0,0,0,1,0,0,1,0
2024-01-26 02:00:00+01:00,51.36,63359.1,433.4,35681.1,0.49999999999999994,0.8660254037844387,0.43167285247378384,0.9020302369860707,0,0,0,0,1,0,0,1,0
2024-01-26 03:00:00+01:00,54.18,56490.5,125.7,33391.6,0.7071067811865475,0.7071067811865476,0.43167285247378384,0.9020302369860707,0,0,0,0,1,0,0,1,0
2024-01-26 04:00:00+01:00,54.04,53984.6,14.3,35532.6,0.8660254037844386,0.5000000000000001,0.43167285247378384,0.9020302369860707,0,0,0,0,1,0,0,1,0
2024-01-26 05:00:00+01:00,53.73,51072.6,0.0,36500.9,0.9659258262890683,0.25881904510252074,0.43167285247378384,0.9020302369860707,0,0,0,0,1,0,0,1,0
2024-01-26 06:00:00+01:00,48.41,49520.1,301.3,33320.1,1.0,6.123233995736766e-17,0.43167285247378384,0.9020302369860707,0,0,0,0,1,0,0,1,0
2024-01-26 07:00:00+01:00,59.34,51473.6,123.3,33043.7,0.9659258262890683,-0.25881904510252063,0.43167285247378384,0.9020302369860707,0,0,0,0,1,0,0,1,0
2024-01-26 08:00:00+01:00,44.66,54097.3,2703.0,36010.0,0.8660254037844387,-0.49999999999999983,0.43167285247378384,0.9020302369860707,0,0,0,0,1,0,0,1,0
2024-01-26 09:00:00+01:00,57.39,57756.3,5454.8,33516.3,0.7071067811865476,-0.7071067811865475,0.43167285247378384,0.9020302369860707,0,0,0,0,1,0,0,1,0
2024-01-26 10:00:00+01:00,49.79,61068.0,6335.5,33084.9,0.49999999999999994,-0.8660254037844387,0.43167285247378384,0.9020302369860707,0,0,0,0,1,0,0,1,0
2024-01-26 11:00:00+01:00,54.59,63928.4,8231.7,32760.5,0.258819045102521,-0.9659258262890682,0.43167285247378384,0.9020302369860707,0,0,0,0,1,0,0,1,0
2024-01-26 12:00:00+01:00,57.96,63866.5,8813.6,34507.6,1.2246467991473532e-16,-1.0,0.43167285247378384,0.9020302369860707,0,0,0,0,1,0,0,1,0
2024-01-26 13:00:00+01:00,57.44,64478.1,6806.5,37658.9,-0.2588190451025208,-0.9659258262890683,0.43167285247378384,0.9020302369860707,0,0,0,0,1,0,0,1,0
2024-01-26 14:00:00+01:00,54.59,59557.1,4978.4,34401.8,-0.4999999999999998,-0.8660254037844388,0.43167285247378384,0.9020302369860707,0,0,0,0,1,0,0,1,0
2024-01-26 15:00:00+01:00,47.05,57561.9,2853.4,34958.4,-0.7071067811865471,-0.7071067811865479,0.43167285247378384,0.9020302369860707,0,0,0,0,1,0,0,1,0
2024-01-26 16:00:00+01:00,68.02,54398.2,0.0,32248.0,-0.8660254037844384,-0.5000000000000004,0.43167285247378384,0.9020302369860707,0,0,0,0,1,0,0,1,0
2024-01-26 17:00:00+01:00,41.94,51061.2,43.8,33944.1,-0.9659258262890683,-0.25881904510252063,0.43167285247378384,0.9020302369860707,0,0,0,0,1,0,0,1,0
2024-01-26 18:00:00+01:00,63.56,49949.0,249.0,34256.0,-1.0,-1.8369701987210297e-16,0.43167285247378384,0.9020302369860707,0,0,0,0,1,0,0,1,0
2024-01-26 19:00:00+01:00,49.77,51615.1,253.2,35729.8,-0.9659258262890684,0.2588190451025203,0.43167285247378384,0.9020302369860707,0,0,0,0,1,0,0,1,0
2024-01-26 20:00:00+01:00,50.95,55968.0,0.0,34658.0,-0.8660254037844386,0.5000000000000001,0.43167285247378384,0.9020302369860707,0,0,0,0,1,0,0,1,0
2024-01-26 21:00:00+01:00,56.59,56833.2,35.4,36307.4,-0.7071067811865477,0.7071067811865474,0.43167285247378384,0.9020302369860707,0,0,0,0,1,0,0,1,0
2024-01-26 22:00:00+01:00,52.68,61535.5,0.0,37514.0,-0.5000000000000004,0.8660254037844384,0.43167285247378384,0.9020302369860707,0,0,0,0,1,0,0,1,0
2024-01-26 23:00:00+01:00,61.96,62717.1,0.0,36352.1,-0.25881904510252157,0.9659258262890681,0.43167285247378384,0.9020302369860707,0,0,0,0,1,0,0,1,0
2024-01-27 00:00:00+01:00,71.24,64653.6,0.0,37019.7,0.0,1.0,0.44709379298511387,0.8944870822287956,0,0,0,0,0,1,0,1,0
2024-01-27 01:00:00+01:00,45.04,63801.6,0.0,36142.7,0.25881904510252074,0.9659258262890683,0.44709379298511387,0.8944870822287956,0,0,0,0,0,1,0,1,0
2024-01-27 02:00:00+01:00,42.62,60283.1,114.7,36808.6,0.49999999999999994,0.8660254037844387,0.44709379298511387,0.8944870822287956,0,0,0,0,0,1,0,1,0
2024-01-27 03:00:00+01:00,62.63,55807.3,141.6,32872.5,0.7071067811865475,0.7071067811865476,0.44709379298511387,0.8944870822287956,0,0,0,0,0,1,0,1,0
2024-01-27 04:00:00+01:00,48.89,53338.7,94.4,34065.5,0.8660254037844386,0.5000000000000001,0.44709379298511387,0.8944870822287956,0,0,0,0,0,1,0,1,0
2024-01-27 05:00:00+01:00,52.97,53452.6,0.0,37857.9,0.9659258262890683,0.25881904510252074,0.44709379298511387,0.8944870822287956,0,0,0,0,0,1,0,1,0
2024-01-27 06:00:00+01:00,37.97,49397.7,0.0,36626.9,1.0,6.123233995736766e-17,0.44709379298511387,0.8944870822287956,0,0,0,0,0,1,0,1,0
2024-01-27 07:00:00+01:00,42.36,52269.6,0.0,34936.1,0.9659258262890683,-0.25881904510252063,0.44709379298511387,0.8944870822287956,0,0,0,0,0,1,0,1,0
2024-01-27 08:00:00+01:00,50.4,53211.8,3049.2,39159.0,0.8660254037844387,-0.49999999999999983,0.44709379298511387,0.8944870822287956,0,0,0,0,0,1,0,1,0
2024-01-27 09:00:00+01:00,50.12,56594.6,5310.4,35283.3,0.7071067811865476,-0.7071067811865475,0.44709379298511387,0.8944870822287956,0,0,0,0,0,1,0,1,0
2024-01-27 10:00:00+01:00,51.49,60617.7,7095.8,34475.1,0.49999999999999994,-0.8660254037844387,0.44709379298511387,0.8944870822287956,0,0,0,0,0,1,0,1,0
2024-01-27 11:00:00+01:00,67.97,64593.5,7574.1,36164.8,0.258819045102521,-0.9659258262890682,0.44709379298511387,0.8944870822287956,0,0,0,0,0,1,0,1,0
2024-01-27 12:00:00+01:00,55.03,63930.1,8468.0,35928.9,1.2246467991473532e-16,-1.0,0.44709379298511387,0.8944870822287956,0,0,0,0,0,1,0,1,0
2024-01-27 13:00:00+01:00,58.35,63447.4,7118.4,33900.6,-0.2588190451025208,-0.9659258262890683,0.44709379298511387,0.8944870822287956,0,0,0,0,0,1,0,1,0
2024-01-27 14:00:00+01:00,64.18,62184.6,4885.1,35001.9,-0.4999999999999998,-0.8660254037844388,0.44709379298511387,0.8944870822287956,0,0,0,0,0,1,0,1,0
2024-01-27 15:00:00+01:00,56.7,56839.0,2884.7,33215.0,-0.7071067811865471,-0.7071067811865479,0.44709379298511387,0.8944870822287956,0,0,0,0,0,1,0,1,0
2024-01-27 16:00:00+01:00,49.28,53553.4,0.0,31556.4,-0.8660254037844384,-0.5000000000000004,0.44709379298511387,0.8944870822287956,0,0,0,0,0,1,0,1,0
2024-01-27 17:00:00+01:00,41.61,50774.0,303.7,34337.6,-0.9659258262890683,-0.25881904510252063,0.44709379298511387,0.8944870822287956,0,0,0,0,0,1,0,1,0
2024-01-27 18:00:00+01:00,50.5,50568.3,0.0,33013.0,-1.0,-1.8369701987210297e-16,0.44709379298511387,0.8944870822287956,0,0,0,0,0,1,0,1,0
2024-01-27 19:00:00+01:00,47.64,50385.1,0.0,31836.0,-0.9659258262890684,0.2588190451025203,0.44709379298511387,0.8944870822287956,0,0,0,0,0,1,0,1,0
2024-01-27 20:00:00+01:00,48.25,53427.3,0.0,32326.7,-0.8660254037844386,0.5000000000000001,0.44709379298511387,0.8944870822287956,0,0,0,0,0,1,0,1,0
2024-01-27 21:00:00+01:00,48.43,57676.1,0.0,34132.8,-0.7071067811865477,0.7071067811865474,0.44709379298511387,0.8944870822287956,0,0,0,0,0,1,0,1,0
2024-01-27 22:00:00+01:00,61.4,61908.3,161.4,32956.0,-0.5000000000000004,0.8660254037844384,0.44709379298511387,0.8944870822287956,0,0,0,0,0,1,0,1,0
2024-01-27 23:00:00+01:00,54.48,64861.3,0.0,35063.0,-0.25881904510252157,0.9659258262890681,0.44709379298511387,0.8944870822287956,0,0,0,0,0,1,0,1,0
2024-01-28 00:00:00+01:00,51.19,65616.0,208.0,32764.6,0.0,1.0,0.4623829729035149,0.88668031802274,0,0,0,0,0,0,1,1,0
2024-01-28 01:00:00+01:00,65.14,65194.7,0.0,34516.1,0.25881904510252074,0.9659258262890683,0.4623829729035149,0.88668031802274,0,0,0,0,0,0,1,1,0
2024-01-28 02:00:00+01:00,65.05,61053.0,0.0,33372.1,0.49999999999999994,0.8660254037844387,0.4623829729035149,0.88668031802274,0,0,0,0,0,0,1,1,0
2024-01-28 03:00:00+01:00,43.43,56334.0,69.2,32777.6,0.7071067811865475,0.7071067811865476,0.4623829729035149,0.88668031802274,0,0,0,0,0,0,1,1,0
2024-01-28 04:00:00+01:00,48.97,55259.8,667.9,36034.6,0.8660254037844386,0.5000000000000001,0.4623829729035149,0.88668031802274,0,0,0,0,0,0,1,1,0
2024-01-28 05:00:00+01:00,46.24,48884.5,0.0,33519.8,0.9659258262890683,0.25881904510252074,0.4623829729035149,0.88668031802274,0,0,0,0,0,0,1,1,0
2024-01-28 06:00:00+01:00,48.29,49406.3,405.5,34342.5,1.0,6.123233995736766e-17,0.4623829729035149,0.88668031802274,0,0,0,0,0,0,1,1,0
2024-01-28 07:00:00+01:00,40.0,52652.9,294.0,35364.8,0.9659258262890683,-0.25881904510252063,0.4623829729035149,0.88668031802274,0,0,0,0,0,0,1,1,0
2024-01-28 08:00:00+01:00,35.05,53692.6,2636.7,36192.9,0.8660254037844387,-0.49999999999999983,0.4623829729035149,0.88668031802274,0,0,0,0,0,0,1,1,0
2024-01-28 09:00:00+01:00,53.59,56227.7,5214.8,36122.8,0.7071067811865476,-0.7071067811865475,0.4623829729035149,0.88668031802274,0,0,0,0,0,0,1,1,0
2024-01-28 10:00:00+01:00,62.35,62996.5,7353.3,34107.2,0.49999999999999994,-0.8660254037844387,0.4623829729035149,0.88668031802274,0,0,0,0,0,0,1,1,0
2024-01-28 11:00:00+01:00,63.39,64800.8,8077.3,36060.5,0.258819045102521,-0.9659258262890682,0.4623829729035149,0.88668031802274,0,0,0,0,0,0,1,1,0
2024-01-28 12:00:00+01:00,58.51,66329.0,7660.6,33467.6,1.2246467991473532e-16,-1.0,0.4623829729035149,0.88668031802274,0,0,0,0,0,0,1,1,0
2024-01-28 13:00:00+01:00,53.96,64450.1,6830.5,31378.2,-0.2588190451025208,-0.9659258262890683,0.4623829729035149,0.88668031802274,0,0,0,0,0,0,1,1,0
2024-01-28 14:00:00+01:00,39.18,60960.3,4855.3,34851.5,-0.4999999999999998,-0.8660254037844388,0.4623829729035149,0.88668031802274,0,0,0,0,0,0,1,1,0
2024-01-28 15:00:00+01:00,46.04,58117.3,2585.2,35697.2,-0.7071067811865471,-0.7071067811865479,0.4623829729035149,0.88668031802274,0,0,0,0,0,0,1,1,0
2024-01-28 16:00:00+01:00,46.29,54014.4,0.0,35161.4,-0.8660254037844384,-0.5000000000000004,0.4623829729035149,0.88668031802274,0,0,0,0,0,0,1,1,0
2024-01-28 17:00:00+01:00,39.88,51622.5,64.2,35914.7,-0.9659258262890683,-0.25881904510252063,0.4623829729035149,0.88668031802274,0,0,0,0,0,0,1,1,0
2024-01-28 18:00:00+01:00,45.5,49408.1,120.8,33274.0,-1.0,-1.8369701987210297e-16,0.4623829729035149,0.88668031802274,0,0,0,0,0,0,1,1,0
2024-01-28 19:00:00+01:00,39.74,50177.2,531.1,34186.7,-0.9659258262890684,0.2588190451025203,0.4623829729035149,0.88668031802274,0,0,0,0,0,0,1,1,0
2024-01-28 20:00:00+01:00,52.43,52836.3,0.0,33504.4,-0.8660254037844386,0.5000000000000001,0.4623829729035149,0.88668031802274,0,0,0,0,0,0,1,1,0
2024-01-28 21:00:00+01:00,62.49,57871.6,582.9,33801.7,-0.7071067811865477,0.7071067811865474,0.4623829729035149,0.88668031802274,0,0,0,0,0,0,1,1,0
2024-01-28 22:00:00+01:00,59.13,61588.7,0.0,36303.5,-0.5000000000000004,0.8660254037844384,0.4623829729035149,0.88668031802274,0,0,0,0,0,0,1,1,0
2024-01-28 23:00:00+01:00,62.07,65222.7,0.0,32805.2,-0.25881904510252157,0.9659258262890681,0.4623829729035149,0.88668031802274,0,0,0,0,0,0,1,1,0
2024-01-29 00:00:00+01:00,73.71,64366.4,0.0,33279.3,0.0,1.0,0.47753588643748823,0.8786122450571483,1,0,0,0,0,0,0,1,0
2024-01-29 01:00:00+01:00,64.36,65169.6,0.0,34364.4,0.25881904510252074,0.9659258262890683,0.47753588643748823,0.8786122450571483,1,0,0,0,0,0,0,1,0
2024-01-29 02:00:00+01:00,57.42,62114.0,0.0,34286.1,0.49999999999999994,0.8660254037844387,0.47753588643748823,0.8786122450571483,1,0,0,0,0,0,0,1,0
2024-01-29 03:00:00+01:00,52.85,58197.4,0.0,31988.3,0.7071067811865475,0.7071067811865476,0.47753588643748823,0.8786122450571483,1,0,0,0,0,0,0,1,0
2024-01-29 04:00:00+01:00,63.28,53372.7,646.8,31009.9,0.8660254037844386,0.5000000000000001,0.47753588643748823,0.8786122450571483,1,0,0,0,0,0,0,1,0
2024-01-29 05:00:00+01:00,43.38,50234.4,137.5,32451.0,0.9659258262890683,0.25881904510252074,0.47753588643748823,0.8786122450571483,1,0,0,0,0,0,0,1,0
2024-01-29 06:00:00+01:00,44.24,49845.9,0.0,33994.2,1.0,6.123233995736766e-17,0.47753588643748823,0.8786122450571483,1,0,0,0,0,0,0,1,0
2024-01-29 07:00:00+01:00,47.59,50702.8,549.7,32755.5,0.9659258262890683,-0.25881904510252063,0.47753588643748823,0.8786122450571483,1,0,0,0,0,0,0,1,0
2024-01-29 08:00:00+01:00,50.46,53331.7,2659.4,33186.1,0.8660254037844387,-0.49999999999999983,0.47753588643748823,0.8786122450571483,1,0,0,0,0,0,0,1,0
2024-01-29 09:00:00+01:00,42.56,57852.0,5068.9,32560.0,0.7071067811865476,-0.7071067811865475,0.47753588643748823,0.8786122450571483,1,0,0,0,0,0,0,1,0
2024-01-29 10:00:00+01:00,53.63,60180.0,6972.5,30298.6,0.49999999999999994,-0.8660254037844387,0.47753588643748823,0.8786122450571483,1,0,0,0,0,0,0,1,0
2024-01-29 11:00:00+01:00,54.9,64105.3,8406.1,31507.9,0.258819045102521,-0.9659258262890682,0.47753588643748823,0.8786122450571483,1,0,0,0,0,0,0,1,0
2024-01-29 12:00:00+01:00,60.59,65108.5,7573.6,30879.0,1.2246467991473532e-16,-1.0,0.47753588643748823,0.8786122450571483,1,0,0,0,0,0,0,1,0
2024-01-29 13:00:00+01:00,70.36,63920.9,7213.4,32316.1,-0.2588190451025208,-0.9659258262890683,0.47753588643748823,0.8786122450571483,1,0,0,0,0,0,0,1,0
2024-01-29 14:00:00+01:00,49.36,62685.9,5203.9,32452.9,-0.4999999999999998,-0.8660254037844388,0.47753588643748823,0.8786122450571483,1,0,0,0,0,0,0,1,0
2024-01-29 15:00:00+01:00,52.31,56290.4,2427.1,28967.4,-0.7071067811865471,-0.7071067811865479,0.47753588643748823,0.8786122450571483,1,0,0,0,0,0,0,1,0
2024-01-29 16:00:00+01:00,47.51,53717.3,0.0,30289.5,-0.8660254037844384,-0.5000000000000004,0.47753588643748823,0.8786122450571483,1,0,0,0,0,0,0,1,0
2024-01-29 17:00:00+01:00,39.3,51602.8,0.0,32310.0,-0.9659258262890683,-0.25881904510252063,0.47753588643748823,0.8786122450571483,1,0,0,0,0,0,0,1,0
2024-01-29 18:00:00+01:00,55.35,48002.4,0.0,29110.6,-1.0,-1.8369701987210297e-16,0.47753588643748823,0.8786122450571483,1,0,0,0,0,0,0,1,0
2024-01-29 19:00:00+01:00,45.46,50444.6,251.4,32558.8,-0.9659258262890684,0.2588190451025203,0.47753588643748823,0.8786122450571483,1,0,0,0,0,0,0,1,0
2024-01-29 20:00:00+01:00,61.65,54726.1,230.1,30660.7,-0.8660254037844386,0.5000000000000001,0.47753588643748823,0.8786122450571483,1,0,0,0,0,0,0,1,0
2024-01-29 21:00:00+01:00,64.4,57667.7,378.3,30935.4,-0.7071067811865477,0.7071067811865474,0.47753588643748823,0.8786122450571483,1,0,0,0,0,0,0,1,0
2024-01-29 22:00:00+01:00,50.65,61729.1,267.5,30617.4,-0.5000000000000004,0.8660254037844384,0.47753588643748823,0.8786122450571483,1,0,0,0,0,0,0,1,0
2024-01-29 23:00:00+01:00,55.22,63469.3,0.0,30276.4,-0.25881904510252157,0.9659258262890681,0.47753588643748823,0.8786122450571483,1,0,0,0,0,0,0,1,0
2024-01-30 00:00:00+01:00,62.51,65576.5,0.0,33036.5,0.0,1.0,0.4925480679538643,0.8702852410301553,0,1,0,0,0,0,0,1,0
2024-01-30 01:00:00+01:00,57.08,62866.4,0.0,31464.8,0.25881904510252074,0.9659258262890683,0.4925480679538643,0.8702852410301553,0,1,0,0,0,0,0,1,0
2024-01-30 02:00:00+01:00,56.37,61449.9,110.0,29658.3,0.49999999999999994,0.8660254037844387,0.4925480679538643,0.8702852410301553,0,1,0,0,0,0,0,1,0
2024-01-30 03:00:00+01:00,52.25,57102.9,42.7,32566.8,0.7071067811865475,0.7071067811865476,0.4925480679538643,0.8702852410301553,0,1,0,0,0,0,0,1,0
2024-01-30 04:00:00+01:00,40.98,52507.4,365.1,29846.0,0.8660254037844386,0.5000000000000001,0.4925480679538643,0.8702852410301553,0,1,0,0,0,0,0,1,0
2024-01-30 05:00:00+01:00,58.81,51943.9,0.0,31112.6,0.9659258262890683,0.25881904510252074,0.4925480679538643,0.8702852410301553,0,1,0,0,0,0,0,1,0
2024-01-30 06:00:00+01:00,51.86,49679.4,0.0,32272.1,1.0,6.123233995736766e-17,0.4925480679538643,0.8702852410301553,0,1,0,0,0,0,0,1,0
2024-01-30 07:00:00+01:00,53.94,50900.3,519.5,27762.1,0.9659258262890683,-0.25881904510252063,0.4925480679538643,0.8702852410301553,0,1,0,0,0,0,0,1,0
2024-01-30 08:00:00+01:00,47.73,51399.7,3104.1,28593.3,0.8660254037844387,-0.49999999999999983,0.4925480679538643,0.8702852410301553,0,1,0,0,0,0,0,1,0
2024-01-30 09:00:00+01:00,54.96,57027.3,4762.1,30196.9,0.7071067811865476,-0.7071067811865475,0.4925480679538643,0.8702852410301553,0,1,0,0,0,0,0,1,0
2024-01-30 10:00:00+01:00,66.15,60204.4,6567.4,31735.7,0.49999999999999994,-0.8660254037844387,0.4925480679538643,0.8702852410301553,0,1,0,0,0,0,0,1,0
2024-01-30 11:00:00+01:00,47.39,63465.4,7789.6,25945.6,0.258819045102521,-0.9659258262890682,0.4925480679538643,0.8702852410301553,0,1,0,0,0,0,0,1,0
2024-01-30 12:00:00+01:00,74.02,63864.9,7738.6,28968.0,1.2246467991473532e-16,-1.0,0.4925480679538643,0.8702852410301553,0,1,0,0,0,0,0,1,0
2024-01-30 13:00:00+01:00,50.79,64412.0,6969.0,29462.7,-0.2588190451025208,-0.9659258262890683,0.4925480679538643,0.8702852410301553,0,1,0,0,0,0,0,1,0
2024-01-30 14:00:00+01:00,66.9,62830.3,5231.8,30513.6,-0.4999999999999998,-0.8660254037844388,0.4925480679538643,0.8702852410301553,0,1,0,0,0,0,0,1,0
2024-01-30 15:00:00+01:00,47.75,56041.1,2964.1,31026.1,-0.7071067811865471,-0.7071067811865479,0.4925480679538643,0.8702852410301553,0,1,0,0,0,0,0,1,0
2024-01-30 16:00:00+01:00,66.66,53191.9,0.0,28357.7,-0.8660254037844384,-0.5000000000000004,0.4925480679538643,0.8702852410301553,0,1,0,0,0,0,0,1,0
2024-01-30 17:00:00+01:00,66.89,49912.5,130.1,27279.2,-0.9659258262890683,-0.25881904510252063,0.4925480679538643,0.8702852410301553,0,1,0,0,0,0,0,1,0
2024-01-30 18:00:00+01:00,50.75,50752.9,18.5,27556.3,-1.0,-1.8369701987210297e-16,0.4925480679538643,0.8702852410301553,0,1,0,0,0,0,0,1,0
2024-01-30 19:00:00+01:00,29.5,50924.7,102.0,30690.8,-0.9659258262890684,0.2588190451025203,0.4925480679538643,0.8702852410301553,0,1,0,0,0,0,0,1,0
2024-01-30 20:00:00+01:00,54.23,55150.6,170.4,27628.0,-0.8660254037844386,0.5000000000000001,0.4925480679538643,0.8702852410301553,0,1,0,0,0,0,0,1,0
2024-01-30 21:00:00+01:00,40.92,57435.7,0.0,30009.4,-0.7071067811865477,0.7071067811865474,0.4925480679538643,0.8702852410301553,0,1,0,0,0,0,0,1,0
2024-01-30 22:00:00+01:00,73.69,61378.4,0.0,29402.5,-0.5000000000000004,0.8660254037844384,0.4925480679538643,0.8702852410301553,0,1,0,0,0,0,0,1,0
2024-01-30 23:00:00+01:00,56.95,62957.9,0.0,28357.1,-0.25881904510252157,0.9659258262890681,0.4925480679538643,0.8702852410301553,0,1,0,0,0,0,0,1,0
2024-01-31 00:00:00+01:00,82.53,64545.6,0.0,27573.4,0.0,1.0,0.5074150932938455,0.8617017599480682,0,0,1,0,0,0,0,1,0
2024-01-31 01:00:00+01:00,56.63,64670.9,123.4,28796.7,0.25881904510252074,0.9659258262890683,0.5074150932938455,0.8617017599480682,0,0,1,0,0,0,0,1,0
2024-01-31 02:00:00+01:00,68.1,61713.9,345.5,28110.3,0.49999999999999994,0.8660254037844387,0.5074150932938455,0.8617017599480682,0,0,1,0,0,0,0,1,0
2024-01-31 03:00:00+01:00,56.07,57278.5,0.0,27535.0,0.7071067811865475,0.7071067811865476,0.5074150932938455,0.8617017599480682,0,0,1,0,0,0,0,1,0
2024-01-31 04:00:00+01:00,73.39,53244.5,227.5,28895.0,0.8660254037844386,0.5000000000000001,0.5074150932938455,0.8617017599480682,0,0,1,0,0,0,0,1,0
2024-01-31 05:00:00+01:00,62.17,53310.9,233.7,28631.2,0.9659258262890683,0.25881904510252074,0.5074150932938455,0.8617017599480682,0,0,1,0,0,0,0,1,0
2024-01-31 06:00:00+01:00,55.31,49177.9,414.1,28754.0,1.0,6.123233995736766e-17,0.5074150932938455,0.8617017599480682,0,0,1,0,0,0,0,1,0
2024-01-31 07:00:00+01:00,49.56,49870.7,0.0,27008.0,0.9659258262890683,-0.25881904510252063,0.5074150932938455,0.8617017599480682,0,0,1,0,0,0,0,1,0
2024-01-31 08:00:00+01:00,61.51,54281.0,3030.3,28845.6,0.8660254037844387,-0.49999999999999983,0.5074150932938455,0.8617017599480682,0,0,1,0,0,0,0,1,0
2024-01-31 09:00:00+01:00,63.59,58988.1,4998.1,27211.8,0.7071067811865476,-0.7071067811865475,0.5074150932938455,0.8617017599480682,0,0,1,0,0,0,0,1,0
2024-01-31 10:00:00+01:00,67.84,60907.9,6981.7,28704.1,0.49999999999999994,-0.8660254037844387,0.5074150932938455,0.8617017599480682,0,0,1,0,0,0,0,1,0
2024-01-31 11:00:00+01:00,55.61,63472.2,7478.7,27128.0,0.258819045102521,-0.9659258262890682,0.5074150932938455,0.8617017599480682,0,0,1,0,0,0,0,1,0
2024-01-31 12:00:00+01:00,62.93,64893.7,7298.9,25471.3,1.2246467991473532e-16,-1.0,0.5074150932938455,0.8617017599480682,0,0,1,0,0,0,0,1,0
2024-01-31 13:00:00+01:00,72.65,64335.8,6447.9,29676.3,-0.2588190451025208,-0.9659258262890683,0.5074150932938455,0.8617017599480682,0,0,1,0,0,0,0,1,0
2024-01-31 14:00:00+01:00,49.63,60398.6,4990.0,27318.4,-0.4999999999999998,-0.8660254037844388,0.5074150932938455,0.8617017599480682,0,0,1,0,0,0,0,1,0
2024-01-31 15:00:00+01:00,58.32,59482.9,2969.1,25199.2,-0.7071067811865471,-0.7071067811865479,0.5074150932938455,0.8617017599480682,0,0,1,0,0,0,0,1,0
2024-01-31 16:00:00+01:00,44.71,53190.1,243.3,26531.3,-0.8660254037844384,-0.5000000000000004,0.5074150932938455,0.8617017599480682,0,0,1,0,0,0,0,1,0
2024-01-31 17:00:00+01:00,51.43,52876.1,58.6,27753.0,-0.9659258262890683,-0.25881904510252063,0.5074150932938455,0.8617017599480682,0,0,1,0,0,0,0,1,0
2024-01-31 18:00:00+01:00,40.44,50537.0,149.3,27383.1,-1.0,-1.8369701987210297e-16,0.5074150932938455,0.8617017599480682,0,0,1,0,0,0,0,1,0
2024-01-31 19:00:00+01:00,38.8,51559.8,0.0,29551.1,-0.9659258262890684,0.2588190451025203,0.5074150932938455,0.8617017599480682,0,0,1,0,0,0,0,1,0
2024-01-31 20:00:00+01:00,56.3,53548.6,0.0,25321.5,-0.8660254037844386,0.5000000000000001,0.5074150932938455,0.8617017599480682,0,0,1,0,0,0,0,1,0
2024-01-31 21:00:00+01:00,65.99,57840.5,68.2,25334.2,-0.7071067811865477,0.7071067811865474,0.5074150932938455,0.8617017599480682,0,0,1,0,0,0,0,1,0
2024-01-31 22:00:00+01:00,59.81,61108.1,98.0,27363.4,-0.5000000000000004,0.8660254037844384,0.5074150932938455,0.8617017599480682,0,0,1,0,0,0,0,1,0
2024-01-31 23:00:00+01:00,74.84,63891.5,576.8,26222.7,-0.25881904510252157,0.9659258262890681,0.5074150932938455,0.8617017599480682,0,0,1,0,0,0,0,1,0
2024-02-01 00:00:00+01:00,72.41,65074.7,0.0,23770.2,0.0,1.0,0.5221325810768248,0.8528643314021597,0,0,0,1,0,0,0,0,1
2024-02-01 01:00:00+01:00,60.61,64905.8,197.9,22696.5,0.25881904510252074,0.9659258262890683,0.5221325810768248,0.8528643314021597,0,0,0,1,0,0,0,0,1
2024-02-01 02:00:00+01:00,73.06,62305.9,46.1,24025.6,0.49999999999999994,0.8660254037844387,0.5221325810768248,0.8528643314021597,0,0,0,1,0,0,0,0,1
2024-02-01 03:00:00+01:00,67.53,57953.6,304.0,27302.1,0.7071067811865475,0.7071067811865476,0.5221325810768248,0.8528643314021597,0,0,0,1,0,0,0,0,1
2024-02-01 04:00:00+01:00,51.03,53575.9,0.0,22945.7,0.8660254037844386,0.5000000000000001,0.5221325810768248,0.8528643314021597,0,0,0,1,0,0,0,0,1
2024-02-01 05:00:00+01:00,47.77,50538.5,0.0,25669.4,0.9659258262890683,0.25881904510252074,0.5221325810768248,0.8528643314021597,0,0,0,1,0,0,0,0,1
2024-02-01 06:00:00+01:00,42.66,49895.6,0.0,24398.5,1.0,6.123233995736766e-17,0.5221325810768248,0.8528643314021597,0,0,0,1,0,0,0,0,1
2024-02-01 07:00:00+01:00,45.83,50917.2,0.0,24985.6,0.9659258262890683,-0.25881904510252063,0.5221325810768248,0.8528643314021597,0,0,0,1,0,0,0,0,1
2024-02-01 08:00:00+01:00,59.07,54105.9,2790.8,22263.9,0.8660254037844387,-0.49999999999999983,0.5221325810768248,0.8528643314021597,0,0,0,1,0,0,0,0,1
2024-02-01 09:00:00+01:00,60.3,57712.1,5007.8,24873.3,0.7071067811865476,-0.7071067811865475,0.5221325810768248,0.8528643314021597,0,0,0,1,0,0,0,0,1
2024-02-01 10:00:00+01:00,50.48,62894.1,6614.2,22018.0,0.49999999999999994,-0.8660254037844387,0.5221325810768248,0.8528643314021597,0,0,0,1,0,0,0,0,1
2024-02-01 11:00:00+01:00,52.75,63689.4,7533.7,23906.3,0.258819045102521,-0.9659258262890682,0.5221325810768248,0.8528643314021597,0,0,0,1,0,0,0,0,1
2024-02-01 12:00:00+01:00,54.39,64876.0,8574.6,24974.7,1.2246467991473532e-16,-1.0,0.5221325810768248,0.8528643314021597,0,0,0,1,0,0,0,0,1
2024-02-01 13:00:00+01:00,70.36,61999.8,7233.3,24747.2,-0.2588190451025208,-0.9659258262890683,0.5221325810768248,0.8528643314021597,0,0,0,1,0,0,0,0,1
2024-02-01 14:00:00+01:00,56.39,62326.3,5249.3,22875.8,-0.4999999999999998,-0.8660254037844388,0.5221325810768248,0.8528643314021597,0,0,0,1,0,0,0,0,1
2024-02-01 15:00:00+01:00,53.0,57758.8,2831.9,24173.9,-0.7071067811865471,-0.7071067811865479,0.5221325810768248,0.8528643314021597,0,0,0,1,0,0,0,0,1
2024-02-01 16:00:00+01:00,59.08,53952.7,798.7,21805.2,-0.8660254037844384,-0.5000000000000004,0.5221325810768248,0.8528643314021597,0,0,0,1,0,0,0,0,1
2024-02-01 17:00:00+01:00,65.93,51955.1,283.1,23842.4,-0.9659258262890683,-0.25881904510252063,0.5221325810768248,0.8528643314021597,0,0,0,1,0,0,0,0,1
2024-02-01 18:00:00+01:00,45.58,49569.2,398.6,26196.3,-1.0,-1.8369701987210297e-16,0.5221325810768248,0.8528643314021597,0,0,0,1,0,0,0,0,1
2024-02-01 19:00:00+01:00,48.03,48928.9,0.0,25393.5,-0.9659258262890684,0.2588190451025203,0.5221325810768248,0.8528643314021597,0,0,0,1,0,0,0,0,1
2024-02-01 20:00:00+01:00,63.34,52068.1,0.0,22256.9,-0.8660254037844386,0.5000000000000001,0.5221325810768248,0.8528643314021597,0,0,0,1,0,0,0,0,1
2024-02-01 21:00:00+01:00,63.41,56242.2,0.0,21181.4,-0.7071067811865477,0.7071067811865474,0.5221325810768248,0.8528643314021597,0,0,0,1,0,0,0,0,1
2024-02-01 22:00:00+01:00,72.61,61221.0,0.0,22422.9,-0.5000000000000004,0.8660254037844384,0.5221325810768248,0.8528643314021597,0,0,0,1,0,0,0,0,1
2024-02-01 23:00:00+01:00,85.39,66162.0,344.8,21236.5,-0.25881904510252157,0.9659258262890681,0.5221325810768248,0.8528643314021597,0,0,0,1,0,0,0,0,1
2024-02-02 00:00:00+01:00,65.78,66727.2,241.4,24209.6,0.0,1.0,0.5366961939916004,0.8437755598231856,0,0,0,0,1,0,0,0,1
2024-02-02 01:00:00+01:00,73.58,63453.3,16.9,23444.9,0.25881904510252074,0.9659258262890683,0.5366961939916004,0.8437755598231856,0,0,0,0,1,0,0,0,1
2024-02-02 02:00:00+01:00,59.55,61093.3,0.0,23096.8,0.49999999999999994,0.8660254037844387,0.5366961939916004,0.8437755598231856,0,0,0,0,1,0,0,0,1
2024-02-02 03:00:00+01:00,58.95,56932.3,0.0,21331.8,0.7071067811865475,0.7071067811865476,0.5366961939916004,0.8437755598231856,0,0,0,0,1,0,0,0,1
2024-02-02 04:00:00+01:00,60.26,53171.0,136.7,20876.7,0.8660254037844386,0.5000000000000001,0.5366961939916004,0.8437755598231856,0,0,0,0,1,0,0,0,1
2024-02-02 05:00:00+01:00,55.52,50287.8,670.8,21474.2,0.9659258262890683,0.25881904510252074,0.5366961939916004,0.8437755598231856,0,0,0,0,1,0,0,0,1
2024-02-02 06:00:00+01:00,47.82,47699.5,0.0,21457.3,1.0,6.123233995736766e-17,0.5366961939916004,0.8437755598231856,0,0,0,0,1,0,0,0,1
2024-02-02 07:00:00+01:00,67.96,51357.6,20.0,21165.1,0.9659258262890683,-0.25881904510252063,0.5366961939916004,0.8437755598231856,0,0,0,0,1,0,0,0,1
2024-02-02 08:00:00+01:00,59.42,53559.3,2946.4,22775.0,0.8660254037844387,-0.49999999999999983,0.5366961939916004,0.8437755598231856,0,0,0,0,1,0,0,0,1
2024-02-02 09:00:00+01:00,60.73,56630.4,5147.5,19627.5,0.7071067811865476,-0.7071067811865475,0.5366961939916004,0.8437755598231856,0,0,0,0,1,0,0,0,1
2024-02-02 10:00:00+01:00,56.38,62542.2,6759.5,18920.9,0.49999999999999994,-0.8660254037844387,0.5366961939916004,0.8437755598231856,0,0,0,0,1,0,0,0,1
2024-02-02 11:00:00+01:00,63.38,64108.9,8042.8,24294.9,0.258819045102521,-0.9659258262890682,0.5366961939916004,0.8437755598231856,0,0,0,0,1,0,0,0,1
2024-02-02 12:00:00+01:00,83.34,64994.2,7900.7,20155.3,1.2246467991473532e-16,-1.0,0.5366961939916004,0.8437755598231856,0,0,0,0,1,0,0,0,1
2024-02-02 13:00:00+01:00,67.34,64108.0,7067.0,19811.5,-0.2588190451025208,-0.9659258262890683,0.5366961939916004,0.8437755598231856,0,0,0,0,1,0,0,0,1
2024-02-02 14:00:00+01:00,71.2,61821.3,4877.2,21706.3,-0.4999999999999998,-0.8660254037844388,0.5366961939916004,0.8437755598231856,0,0,0,0,1,0,0,0,1
2024-02-02 15:00:00+01:00,69.74,56570.9,2385.5,19562.6,-0.7071067811865471,-0.7071067811865479,0.5366961939916004,0.8437755598231856,0,0,0,0,1,0,0,0,1
2024-02-02 16:00:00+01:00,54.99,53917.5,0.0,22193.3,-0.8660254037844384,-0.5000000000000004,0.5366961939916004,0.8437755598231856,0,0,0,0,1,0,0,0,1
2024-02-02 17:00:00+01:00,42.65,51174.1,0.0,24398.7,-0.9659258262890683,-0.25881904510252063,0.5366961939916004,0.8437755598231856,0,0,0,0,1,0,0,0,1
2024-02-02 18:00:00+01:00,51.45,49631.7,896.2,20648.7,-1.0,-1.8369701987210297e-16,0.5366961939916004,0.8437755598231856,0,0,0,0,1,0,0,0,1
2024-02-02 19:00:00+01:00,55.69,52031.1,0.0,21448.4,-0.9659258262890684,0.2588190451025203,0.5366961939916004,0.8437755598231856,0,0,0,0,1,0,0,0,1
2024-02-02 20:00:00+01:00,58.07,54640.7,195.1,18658.5,-0.8660254037844386,0.5000000000000001,0.5366961939916004,0.8437755598231856,0,0,0,0,1,0,0,0,1
2024-02-02 21:00:00+01:00,60.73,57451.4,0.0,20606.7,-0.7071067811865477,0.7071067811865474,0.5366961939916004,0.8437755598231856,0,0,0,0,1,0,0,0,1
2024-02-02 22:00:00+01:00,73.39,59957.7,0.0,22295.5,-0.5000000000000004,0.8660254037844384,0.5366961939916004,0.8437755598231856,0,0,0,0,1,0,0,0,1
2024-02-02 23:00:00+01:00,65.11,62187.7,346.2,19095.9,-0.25881904510252157,0.9659258262890681,0.5366961939916004,0.8437755598231856,0,0,0,0,1,0,0,0,1
2024-02-03 00:00:00+01:00,63.23,65694.2,372.4,20883.3,0.0,1.0,0.5511016400746002,0.8344381237138473,0,0,0,0,0,1,0,0,1
2024-02-03 01:00:00+01:00,78.43,63598.4,195.8,21360.8,0.25881904510252074,0.9659258262890683,0.5511016400746002,0.8344381237138473,0,0,0,0,0,1,0,0,1
2024-02-03 02:00:00+01:00,64.98,60676.8,251.3,22334.1,0.49999999999999994,0.8660254037844387,0.5511016400746002,0.8344381237138473,0,0,0,0,0,1,0,0,1
2024-02-03 03:00:00+01:00,72.99,58214.7,0.0,17734.5,0.7071067811865475,0.7071067811865476,0.5511016400746002,0.8344381237138473,0,0,0,0,0,1,0,0,1
2024-02-03 04:00:00+01:00,63.92,52534.0,0.0,20376.2,0.8660254037844386,0.5000000000000001,0.5511016400746002,0.8344381237138473,0,0,0,0,0,1,0,0,1
2024-02-03 05:00:00+01:00,58.93,51366.0,165.1,16730.8,0.9659258262890683,0.25881904510252074,0.5511016400746002,0.8344381237138473,0,0,0,0,0,1,0,0,1
2024-02-03 06:00:00+01:00,59.56,49677.3,25.6,19708.8,1.0,6.123233995736766e-17,0.5511016400746002,0.8344381237138473,0,0,0,0,0,1,0,0,1
2024-02-03 07:00:00+01:00,65.81,50571.7,294.3,18809.9,0.9659258262890683,-0.25881904510252063,0.5511016400746002,0.8344381237138473,0,0,0,0,0,1,0,0,1
2024-02-03 08:00:00+01:00,66.12,52655.1,3143.3,19242.0,0.8660254037844387,-0.49999999999999983,0.5511016400746002,0.8344381237138473,0,0,0,0,0,1,0,0,1
2024-02-03 09:00:00+01:00,63.06,57519.8,4840.4,18815.5,0.7071067811865476,-0.7071067811865475,0.5511016400746002,0.8344381237138473,0,0,0,0,0,1,0,0,1
2024-02-03 10:00:00+01:00,66.55,60380.1,6786.4,17514.2,0.49999999999999994,-0.8660254037844387,0.5511016400746002,0.8344381237138473,0,0,0,0,0,1,0,0,1
2024-02-03 11:00:00+01:00,73.91,64832.8,7907.6,19616.9,0.258819045102521,-0.9659258262890682,0.5511016400746002,0.8344381237138473,0,0,0,0,0,1,0,0,1
2024-02-03 12:00:00+01:00,52.38,66099.5,8463.5,18495.3,1.2246467991473532e-16,-1.0,0.5511016400746002,0.8344381237138473,0,0,0,0,0,1,0,0,1
2024-02-03 13:00:00+01:00,60.05,62837.5,6690.0,18446.5,-0.2588190451025208,-0.9659258262890683,0.5511016400746002,0.8344381237138473,0,0,0,0,0,1,0,0,1
2024-02-03 14:00:00+01:00,51.34,61027.3,4953.0,19363.5,-0.4999999999999998,-0.8660254037844388,0.5511016400746002,0.8344381237138473,0,0,0,0,0,1,0,0,1
2024-02-03 15:00:00+01:00,63.01,56974.1,2376.3,18174.7,-0.7071067811865471,-0.7071067811865479,0.5511016400746002,0.8344381237138473,0,0,0,0,0,1,0,0,1
2024-02-03 16:00:00+01:00,71.85,53657.0,0.0,18599.6,-0.8660254037844384,-0.5000000000000004,0.5511016400746002,0.8344381237138473,0,0,0,0,0,1,0,0,1
2024-02-03 17:00:00+01:00,56.91,50760.8,0.0,17524.7,-0.9659258262890683,-0.25881904510252063,0.5511016400746002,0.8344381237138473,0,0,0,0,0,1,0,0,1
2024-02-03 18:00:00+01:00,54.01,50956.2,0.0,18809.4,-1.0,-1.8369701987210297e-16,0.5511016400746002,0.8344381237138473,0,0,0,0,0,1,0,0,1
2024-02-03 19:00:00+01:00,53.61,51380.6,0.0,17356.2,-0.9659258262890684,0.2588190451025203,0.5511016400746002,0.8344381237138473,0,0,0,0,0,1,0,0,1
2024-02-03 20:00:00+01:00,69.97,53896.2,0.0,19752.0,-0.8660254037844386,0.5000000000000001,0.5511016400746002,0.8344381237138473,0,0,0,0,0,1,0,0,1
2024-02-03 21:00:00+01:00,51.32,58098.2,0.0,18090.9,-0.7071067811865477,0.7071067811865474,0.5511016400746002,0.8344381237138473,0,0,0,0,0,1,0,0,1
2024-02-03 22:00:00+01:00,66.57,60737.8,335.1,18640.4,-0.5000000000000004,0.8660254037844384,0.5511016400746002,0.8344381237138473,0,0,0,0,0,1,0,0,1
2024-02-03 23:00:00+01:00,85.13,64015.0,0.0,15612.4,-0.25881904510252157,0.9659258262890681,0.5511016400746002,0.8344381237138473,0,0,0,0,0,1,0,0,1
2024-02-04 00:00:00+01:00,68.51,63858.5,0.0,15520.4,0.0,1.0,0.5653446739747429,0.8248547748594244,0,0,0,0,0,0,1,0,1
2024-02-04 01:00:00+01:00,75.16,62445.4,155.2,19238.4,0.25881904510252074,0.9659258262890683,0.5653446739747429,0.8248547748594244,0,0,0,0,0,0,1,0,1
2024-02-04 02:00:00+01:00,61.23,60367.0,199.9,19965.4,0.49999999999999994,0.8660254037844387,0.5653446739747429,0.8248547748594244,0,0,0,0,0,0,1,0,1
2024-02-04 03:00:00+01:00,62.55,57421.0,99.8,18495.8,0.7071067811865475,0.7071067811865476,0.5653446739747429,0.8248547748594244,0,0,0,0,0,0,1,0,1
2024-02-04 04:00:00+01:00,55.0,51568.2,826.3,17820.4,0.8660254037844386,0.5000000000000001,0.5653446739747429,0.8248547748594244,0,0,0,0,0,0,1,0,1
2024-02-04 05:00:00+01:00,72.48,51380.0,0.0,15518.1,0.9659258262890683,0.25881904510252074,0.5653446739747429,0.8248547748594244,0,0,0,0,0,0,1,0,1
2024-02-04 06:00:00+01:00,53.98,51113.7,0.0,14415.1,1.0,6.123233995736766e-17,0.5653446739747429,0.8248547748594244,0,0,0,0,0,0,1,0,1
2024-02-04 07:00:00+01:00,49.47,50406.9,26.9,20125.2,0.9659258262890683,-0.25881904510252063,0.5653446739747429,0.8248547748594244,0,0,0,0,0,0,1,0,1
2024-02-04 08:00:00+01:00,62.35,54298.4,2632.8,16838.5,0.8660254037844387,-0.49999999999999983,0.5653446739747429,0.8248547748594244,0,0,0,0,0,0,1,0,1
2024-02-04 09:00:00+01:00,67.56,59385.6,4851.6,17954.0,0.7071067811865476,-0.7071067811865475,0.5653446739747429,0.8248547748594244,0,0,0,0,0,0,1,0,1
2024-02-04 10:00:00+01:00,75.93,60722.9,6810.3,14398.9,0.49999999999999994,-0.8660254037844387,0.5653446739747429,0.8248547748594244,0,0,0,0,0,0,1,0,1
2024-02-04 11:00:00+01:00,85.58,65489.8,7815.9,15682.4,0.258819045102521,-0.9659258262890682,0.5653446739747429,0.8248547748594244,0,0,0,0,0,0,1,0,1
2024-02-04 12:00:00+01:00,73.66,65842.3,7693.1,16457.7,1.2246467991473532e-16,-1.0,0.5653446739747429,0.8248547748594244,0,0,0,0,0,0,1,0,1
2024-02-04 13:00:00+01:00,80.05,64034.6,6497.4,17466.3,-0.2588190451025208,-0.9659258262890683,0.5653446739747429,0.8248547748594244,0,0,0,0,0,0,1,0,1
2024-02-04 14:00:00+01:00,60.47,60035.2,5539.2,14463.6,-0.4999999999999998,-0.8660254037844388,0.5653446739747429,0.8248547748594244,0,0,0,0,0,0,1,0,1
2024-02-04 15:00:00+01:00,76.57,58865.0,3055.3,16595.0,-0.7071067811865471,-0.7071067811865479,0.5653446739747429,0.8248547748594244,0,0,0,0,0,0,1,0,1
2024-02-04 16:00:00+01:00,58.42,55331.2,0.0,14546.0,-0.8660254037844384,-0.5000000000000004,0.5653446739747429,0.8248547748594244,0,0,0,0,0,0,1,0,1
2024-02-04 17:00:00+01:00,64.0,51155.5,98.6,17469.2,-0.9659258262890683,-0.25881904510252063,0.5653446739747429,0.8248547748594244,0,0,0,0,0,0,1,0,1
2024-02-04 18:00:00+01:00,61.3,49897.5,153.9,17283.0,-1.0,-1.8369701987210297e-16,0.5653446739747429,0.8248547748594244,0,0,0,0,0,0,1,0,1
2024-02-04 19:00:00+01:00,59.73,50678.1,93.0,18524.7,-0.9659258262890684,0.2588190451025203,0.5653446739747429,0.8248547748594244,0,0,0,0,0,0,1,0,1
2024-02-04 20:00:00+01:00,74.05,53538.2,225.8,16803.3,-0.8660254037844386,0.5000000000000001,0.5653446739747429,0.8248547748594244,0,0,0,0,0,0,1,0,1
2024-02-04 21:00:00+01:00,73.4,57754.9,312.4,18119.3,-0.7071067811865477,0.7071067811865474,0.5653446739747429,0.8248547748594244,0,0,0,0,0,0,1,0,1
2024-02-04 22:00:00+01:00,75.67,61302.7,91.3,11309.0,-0.5000000000000004,0.8660254037844384,0.5653446739747429,0.8248547748594244,0,0,0,0,0,0,1,0,1
2024-02-04 23:00:00+01:00,89.49,64444.2,189.9,17891.2,-0.25881904510252157,0.9659258262890681,0.5653446739747429,0.8248547748594244,0,0,0,0,0,0,1,0,1
2024-02-05 00:00:00+01:00,65.33,67069.1,0.0,14631.7,0.0,1.0,0.5794210982045637,0.8150283375168114,1,0,0,0,0,0,0,0,1
2024-02-05 01:00:00+01:00,94.44,64004.6,0.0,17557.8,0.25881904510252074,0.9659258262890683,0.5794210982045637,0.8150283375168114,1,0,0,0,0,0,0,0,1
2024-02-05 02:00:00+01:00,84.29,60495.9,482.4,14705.7,0.49999999999999994,0.8660254037844387,0.5794210982045637,0.8150283375168114,1,0,0,0,0,0,0,0,1
2024-02-05 03:00:00+01:00,60.53,57972.5,0.0,15153.1,0.7071067811865475,0.7071067811865476,0.5794210982045637,0.8150283375168114,1,0,0,0,0,0,0,0,1
2024-02-05 04:00:00+01:00,63.5,54204.6,375.7,13936.4,0.8660254037844386,0.5000000000000001,0.5794210982045637,0.8150283375168114,1,0,0,0,0,0,0,0,1
2024-02-05 05:00:00+01:00,58.89,49680.7,536.0,16474.7,0.9659258262890683,0.25881904510252074,0.5794210982045637,0.8150283375168114,1,0,0,0,0,0,0,0,1
2024-02-05 06:00:00+01:00,70.68,50579.0,210.0,16375.2,1.0,6.123233995736766e-17,0.5794210982045637,0.8150283375168114,1,0,0,0,0,0,0,0,1
2024-02-05 07:00:00+01:00,64.46,52746.2,298.4,16230.1,0.9659258262890683,-0.25881904510252063,0.5794210982045637,0.8150283375168114,1,0,0,0,0,0,0,0,1
2024-02-05 08:00:00+01:00,69.61,54217.4,2948.7,13962.8,0.8660254037844387,-0.49999999999999983,0.5794210982045637,0.8150283375168114,1,0,0,0,0,0,0,0,1
2024-02-05 09:00:00+01:00,64.45,58216.5,4954.0,17605.9,0.7071067811865476,-0.7071067811865475,0.5794210982045637,0.8150283375168114,1,0,0,0,0,0,0,0,1
2024-02-05 10:00:00+01:00,64.8,61379.8,6944.5,14089.2,0.49999999999999994,-0.8660254037844387,0.5794210982045637,0.8150283375168114,1,0,0,0,0,0,0,0,1
2024-02-05 11:00:00+01:00,72.64,63819.1,7838.5,16380.1,0.258819045102521,-0.9659258262890682,0.5794210982045637,0.8150283375168114,1,0,0,0,0,0,0,0,1
2024-02-05 12:00:00+01:00,67.01,63201.9,7719.9,14326.9,1.2246467991473532e-16,-1.0,0.5794210982045637,0.8150283375168114,1,0,0,0,0,0,0,0,1
2024-02-05 13:00:00+01:00,70.34,62486.2,6740.9,15370.5,-0.2588190451025208,-0.9659258262890683,0.5794210982045637,0.8150283375168114,1,0,0,0,0,0,0,0,1
2024-02-05 14:00:00+01:00,52.19,60384.8,4983.1,14177.3,-0.4999999999999998,-0.8660254037844388,0.5794210982045637,0.8150283375168114,1,0,0,0,0,0,0,0,1
2024-02-05 15:00:00+01:00,61.22,57211.9,2213.2,17706.0,-0.7071067811865471,-0.7071067811865479,0.5794210982045637,0.8150283375168114,1,0,0,0,0,0,0,0,1
2024-02-05 16:00:00+01:00,51.24,53411.3,0.0,15792.7,-0.8660254037844384,-0.5000000000000004,0.5794210982045637,0.8150283375168114,1,0,0,0,0,0,0,0,1
2024-02-05 17:00:00+01:00,47.28,50213.0,338.7,18309.3,-0.9659258262890683,-0.25881904510252063,0.5794210982045637,0.8150283375168114,1,0,0,0,0,0,0,0,1
2024-02-05 18:00:00+01:00,62.61,50645.2,0.0,16037.5,-1.0,-1.8369701987210297e-16,0.5794210982045637,0.8150283375168114,1,0,0,0,0,0,0,0,1
2024-02-05 19:00:00+01:00,60.01,52472.4,0.0,15793.0,-0.9659258262890684,0.2588190451025203,0.5794210982045637,0.8150283375168114,1,0,0,0,0,0,0,0,1
2024-02-05 20:00:00+01:00,51.84,52943.2,168.4,15700.7,-0.8660254037844386,0.5000000000000001,0.5794210982045637,0.8150283375168114,1,0,0,0,0,0,0,0,1
2024-02-05 21:00:00+01:00,71.52,57871.8,272.3,13281.9,-0.7071067811865477,0.7071067811865474,0.5794210982045637,0.8150283375168114,1,0,0,0,0,0,0,0,1
2024-02-05 22:00:00+01:00,55.61,60203.7,53.1,14255.3,-0.5000000000000004,0.8660254037844384,0.5794210982045637,0.8150283375168114,1,0,0,0,0,0,0,0,1
2024-02-05 23:00:00+01:00,58.53,63528.6,444.9,15158.7,-0.25881904510252157,0.9659258262890681,0.5794210982045637,0.8150283375168114,1,0,0,0,0,0,0,0,1
2024-02-06 00:00:00+01:00,101.74,65383.4,0.0,15382.4,0.0,1.0,0.593326764377232,0.8049617075821959,0,1,0,0,0,0,0,0,1
2024-02-06 01:00:00+01:00,64.67,64137.9,53.1,16144.7,0.25881904510252074,0.9659258262890683,0.593326764377232,0.8049617075821959,0,1,0,0,0,0,0,0,1
2024-02-06 02:00:00+01:00,76.41,62024.5,339.2,12331.3,0.49999999999999994,0.8660254037844387,0.593326764377232,0.8049617075821959,0,1,0,0,0,0,0,0,1
2024-02-06 03:00:00+01:00,62.64,59175.7,0.0,14262.4,0.7071067811865475,0.7071067811865476,0.593326764377232,0.8049617075821959,0,1,0,0,0,0,0,0,1
2024-02-06 04:00:00+01:00,59.9,55013.2,0.0,16652.7,0.8660254037844386,0.5000000000000001,0.593326764377232,0.8049617075821959,0,1,0,0,0,0,0,0,1
2024-02-06 05:00:00+01:00,60.21,49162.4,0.0,12715.8,0.9659258262890683,0.25881904510252074,0.593326764377232,0.8049617075821959,0,1,0,0,0,0,0,0,1
2024-02-06 06:00:00+01:00,54.81,50125.4,296.9,16017.2,1.0,6.123233995736766e-17,0.593326764377232,0.8049617075821959,0,1,0,0,0,0,0,0,1
2024-02-06 07:00:00+01:00,67.09,50488.9,581.6,13563.7,0.9659258262890683,-0.25881904510252063,0.593326764377232,0.8049617075821959,0,1,0,0,0,0,0,0,1
2024-02-06 08:00:00+01:00,57.04,53283.7,2582.7,15572.8,0.8660254037844387,-0.49999999999999983,0.593326764377232,0.8049617075821959,0,1,0,0,0,0,0,0,1
2024-02-06 09:00:00+01:00,62.38,59023.3,4791.7,16135.7,0.7071067811865476,-0.7071067811865475,0.593326764377232,0.8049617075821959,0,1,0,0,0,0,0,0,1
2024-02-06 10:00:00+01:00,71.99,59959.7,7048.3,14779.8,0.49999999999999994,-0.8660254037844387,0.593326764377232,0.8049617075821959,0,1,0,0,0,0,0,0,1
2024-02-06 11:00:00+01:00,69.09,65172.5,8072.7,14395.7,0.258819045102521,-0.9659258262890682,0.593326764377232,0.8049617075821959,0,1,0,0,0,0,0,0,1
2024-02-06 12:00:00+01:00,67.78,65000.3,7986.1,14187.7,1.2246467991473532e-16,-1.0,0.593326764377232,0.8049617075821959,0,1,0,0,0,0,0,0,1
2024-02-06 13:00:00+01:00,76.23,64771.9,6914.6,14202.8,-0.2588190451025208,-0.9659258262890683,0.593326764377232,0.8049617075821959,0,1,0,0,0,0,0,0,1
2024-02-06 14:00:00+01:00,69.87,62117.0,5446.8,16276.4,-0.4999999999999998,-0.8660254037844388,0.593326764377232,0.8049617075821959,0,1,0,0,0,0,0,0,1
2024-02-06 15:00:00+01:00,64.25,55887.7,2625.8,16171.1,-0.7071067811865471,-0.7071067811865479,0.593326764377232,0.8049617075821959,0,1,0,0,0,0,0,0,1
2024-02-06 16:00:00+01:00,53.63,51942.6,442.3,13816.4,-0.8660254037844384,-0.5000000000000004,0.593326764377232,0.8049617075821959,0,1,0,0,0,0,0,0,1
2024-02-06 17:00:00+01:00,64.27,51441.8,0.0,13873.8,-0.9659258262890683,-0.25881904510252063,0.593326764377232,0.8049617075821959,0,1,0,0,0,0,0,0,1
2024-02-06 18:00:00+01:00,64.05,50990.8,273.1,18006.1,-1.0,-1.8369701987210297e-16,0.593326764377232,0.8049617075821959,0,1,0,0,0,0,0,0,1
2024-02-06 19:00:00+01:00,75.7,49761.0,0.0,12952.8,-0.9659258262890684,0.2588190451025203,0.593326764377232,0.8049617075821959,0,1,0,0,0,0,0,0,1
2024-02-06 20:00:00+01:00,61.59,53883.7,0.0,16635.9,-0.8660254037844386,0.5000000000000001,0.593326764377232,0.8049617075821959,0,1,0,0,0,0,0,0,1
2024-02-06 21:00:00+01:00,60.56,56292.1,0.0,15025.6,-0.7071067811865477,0.7071067811865474,0.593326764377232,0.8049617075821959,0,1,0,0,0,0,0,0,1
2024-02-06 22:00:00+01:00,65.73,61748.2,0.0,15799.0,-0.5000000000000004,0.8660254037844384,0.593326764377232,0.8049617075821959,0,1,0,0,0,0,0,0,1
2024-02-06 23:00:00+01:00,73.19,63168.2,0.0,12964.1,-0.25881904510252157,0.9659258262890681,0.593326764377232,0.8049617075821959,0,1,0,0,0,0,0,0,1
2024-02-07 00:00:00+01:00,67.84,64469.6,105.6,16064.8,0.0,1.0,0.6070575744291002,0.7946578517376252,0,0,1,0,0,0,0,0,1
2024-02-07 01:00:00+01:00,49.25,63782.6,300.4,16395.8,0.25881904510252074,0.9659258262890683,0.6070575744291002,0.7946578517376252,0,0,1,0,0,0,0,0,1
2024-02-07 02:00:00+01:00,75.46,61029.5,71.1,15208.1,0.49999999999999994,0.8660254037844387,0.6070575744291002,0.7946578517376252,0,0,1,0,0,0,0,0,1
2024-02-07 03:00:00+01:00,67.87,57693.0,0.0,14978.3,0.7071067811865475,0.7071067811865476,0.6070575744291002,0.7946578517376252,0,0,1,0,0,0,0,0,1
2024-02-07 04:00:00+01:00,55.94,51915.4,230.0,14060.5,0.8660254037844386,0.5000000000000001,0.6070575744291002,0.7946578517376252,0,0,1,0,0,0,0,0,1
2024-02-07 05:00:00+01:00,67.83,50938.4,0.0,15721.9,0.9659258262890683,0.25881904510252074,0.6070575744291002,0.7946578517376252,0,0,1,0,0,0,0,0,1
2024-02-07 06:00:00+01:00,51.98,51135.0,175.8,14357.6,1.0,6.123233995736766e-17,0.6070575744291002,0.7946578517376252,0,0,1,0,0,0,0,0,1
2024-02-07 07:00:00+01:00,69.57,52170.5,0.0,13737.8,0.9659258262890683,-0.25881904510252063,0.6070575744291002,0.7946578517376252,0,0,1,0,0,0,0,0,1
2024-02-07 08:00:00+01:00,62.69,52369.1,2679.3,15479.6,0.8660254037844387,-0.49999999999999983,0.6070575744291002,0.7946578517376252,0,0,1,0,0,0,0,0,1
2024-02-07 09:00:00+01:00,83.45,57096.4,4593.2,14559.8,0.7071067811865476,-0.7071067811865475,0.6070575744291002,0.7946578517376252,0,0,1,0,0,0,0,0,1
2024-02-07 10:00:00+01:00,68.76,60736.8,6928.2,14446.9,0.49999999999999994,-0.8660254037844387,0.6070575744291002,0.7946578517376252,0,0,1,0,0,0,0,0,1
2024-02-07 11:00:00+01:00,66.18,63984.1,8145.1,16565.8,0.258819045102521,-0.9659258262890682,0.6070575744291002,0.7946578517376252,0,0,1,0,0,0,0,0,1
2024-02-07 12:00:00+01:00,79.55,64816.6,8303.6,17199.1,1.2246467991473532e-16,-1.0,0.6070575744291002,0.7946578517376252,0,0,1,0,0,0,0,0,1
2024-02-07 13:00:00+01:00,80.72,65389.9,6887.6,18145.1,-0.2588190451025208,-0.9659258262890683,0.6070575744291002,0.7946578517376252,0,0,1,0,0,0,0,0,1
2024-02-07 14:00:00+01:00,75.12,60843.9,5520.8,13399.3,-0.4999999999999998,-0.8660254037844388,0.6070575744291002,0.7946578517376252,0,0,1,0,0,0,0,0,1
2024-02-07 15:00:00+01:00,74.11,59268.7,3182.0,13045.0,-0.7071067811865471,-0.7071067811865479,0.6070575744291002,0.7946578517376252,0,0,1,0,0,0,0,0,1
2024-02-07 16:00:00+01:00,62.85,52028.2,26.6,18451.7,-0.8660254037844384,-0.5000000000000004,0.6070575744291002,0.7946578517376252,0,0,1,0,0,0,0,0,1
2024-02-07 17:00:00+01:00,53.1,48335.7,454.4,14330.3,-0.9659258262890683,-0.25881904510252063,0.6070575744291002,0.7946578517376252,0,0,1,0,0,0,0,0,1
2024-02-07 18:00:00+01:00,52.77,51205.9,200.7,17317.5,-1.0,-1.8369701987210297e-16,0.6070575744291002,0.7946578517376252,0,0,1,0,0,0,0,0,1
2024-02-07 19:00:00+01:00,46.24,50487.2,73.0,18348.6,-0.9659258262890684,0.2588190451025203,0.6070575744291002,0.7946578517376252,0,0,1,0,0,0,0,0,1
2024-02-07 20:00:00+01:00,57.65,54136.5,0.0,15350.3,-0.8660254037844386,0.5000000000000001,0.6070575744291002,0.7946578517376252,0,0,1,0,0,0,0,0,1
2024-02-07 21:00:00+01:00,55.75,58088.0,117.5,17882.5,-0.7071067811865477,0.7071067811865474,0.6070575744291002,0.7946578517376252,0,0,1,0,0,0,0,0,1
2024-02-07 22:00:00+01:00,79.46,57685.1,0.0,16447.2,-0.5000000000000004,0.8660254037844384,0.6070575744291002,0.7946578517376252,0,0,1,0,0,0,0,0,1
2024-02-07 23:00:00+01:00,56.41,64135.8,0.0,18910.7,-0.25881904510252157,0.9659258262890681,0.6070575744291002,0.7946578517376252,0,0,1,0,0,0,0,0,1
2024-02-08 00:00:00+01:00,73.69,65672.3,772.2,15059.8,0.0,1.0,0.6206094818274227,0.7841198065767104,0,0,0,1,0,0,0,0,1
2024-02-08 01:00:00+01:00,55.46,63288.9,274.9,16938.8,0.25881904510252074,0.9659258262890683,0.6206094818274227,0.7841198065767104,0,0,0,1,0,0,0,0,1
2024-02-08 02:00:00+01:00,74.74,61442.6,0.0,19126.1,0.49999999999999994,0.8660254037844387,0.6206094818274227,0.7841198065767104,0,0,0,1,0,0,0,0,1
2024-02-08 03:00:00+01:00,78.08,58183.3,285.0,15285.6,0.7071067811865475,0.7071067811865476,0.6206094818274227,0.7841198065767104,0,0,0,1,0,0,0,0,1
2024-02-08 04:00:00+01:00,65.05,53018.2,213.3,17180.0,0.8660254037844386,0.5000000000000001,0.6206094818274227,0.7841198065767104,0,0,0,1,0,0,0,0,1
2024-02-08 05:00:00+01:00,51.77,49655.5,0.0,17638.5,0.9659258262890683,0.25881904510252074,0.6206094818274227,0.7841198065767104,0,0,0,1,0,0,0,0,1
2024-02-08 06:00:00+01:00,65.27,50584.8,0.0,14990.6,1.0,6.123233995736766e-17,0.6206094818274227,0.7841198065767104,0,0,0,1,0,0,0,0,1
2024-02-08 07:00:00+01:00,62.75,52187.7,0.0,18009.8,0.9659258262890683,-0.25881904510252063,0.6206094818274227,0.7841198065767104,0,0,0,1,0,0,0,0,1
2024-02-08 08:00:00+01:00,60.53,53730.8,2961.3,17269.4,0.8660254037844387,-0.49999999999999983,0.6206094818274227,0.7841198065767104,0,0,0,1,0,0,0,0,1
2024-02-08 09:00:00+01:00,63.05,54986.6,5119.0,16306.8,0.7071067811865476,-0.7071067811865475,0.6206094818274227,0.7841198065767104,0,0,0,1,0,0,0,0,1
2024-02-08 10:00:00+01:00,56.81,60947.5,6433.2,16249.7,0.49999999999999994,-0.8660254037844387,0.6206094818274227,0.7841198065767104,0,0,0,1,0,0,0,0,1
2024-02-08 11:00:00+01:00,70.14,64564.9,7600.6,13795.2,0.258819045102521,-0.9659258262890682,0.6206094818274227,0.7841198065767104,0,0,0,1,0,0,0,0,1
2024-02-08 12:00:00+01:00,55.28,64955.6,7971.5,18743.7,1.2246467991473532e-16,-1.0,0.6206094818274227,0.7841198065767104,0,0,0,1,0,0,0,0,1
2024-02-08 13:00:00+01:00,74.75,64573.6,6724.6,17061.6,-0.2588190451025208,-0.9659258262890683,0.6206094818274227,0.7841198065767104,0,0,0,1,0,0,0,0,1
2024-02-08 14:00:00+01:00,75.14,61359.5,4849.6,17726.1,-0.4999999999999998,-0.8660254037844388,0.6206094818274227,0.7841198065767104,0,0,0,1,0,0,0,0,1
2024-02-08 15:00:00+01:00,60.37,58103.1,3124.1,20994.4,-0.7071067811865471,-0.7071067811865479,0.6206094818274227,0.7841198065767104,0,0,0,1,0,0,0,0,1
2024-02-08 16:00:00+01:00,41.49,52637.5,0.0,15915.0,-0.8660254037844384,-0.5000000000000004,0.6206094818274227,0.7841198065767104,0,0,0,1,0,0,0,0,1
2024-02-08 17:00:00+01:00,64.78,50825.3,326.9,17709.1,-0.9659258262890683,-0.25881904510252063,0.6206094818274227,0.7841198065767104,0,0,0,1,0,0,0,0,1
2024-02-08 18:00:00+01:00,56.95,49514.0,251.6,16254.0,-1.0,-1.8369701987210297e-16,0.6206094818274227,0.7841198065767104,0,0,0,1,0,0,0,0,1
2024-02-08 19:00:00+01:00,69.43,52213.3,151.7,19049.1,-0.9659258262890684,0.2588190451025203,0.6206094818274227,0.7841198065767104,0,0,0,1,0,0,0,0,1
2024-02-08 20:00:00+01:00,47.04,53376.5,52.3,17310.5,-0.8660254037844386,0.5000000000000001,0.6206094818274227,0.7841198065767104,0,0,0,1,0,0,0,0,1
2024-02-08 21:00:00+01:00,62.42,58833.8,0.0,16662.9,-0.7071067811865477,0.7071067811865474,0.6206094818274227,0.7841198065767104,0,0,0,1,0,0,0,0,1
2024-02-08 22:00:00+01:00,67.04,60639.9,0.0,16829.0,-0.5000000000000004,0.8660254037844384,0.6206094818274227,0.7841198065767104,0,0,0,1,0,0,0,0,1
2024-02-08 23:00:00+01:00,68.44,63533.3,0.0,18963.7,-0.25881904510252157,0.9659258262890681,0.6206094818274227,0.7841198065767104,0,0,0,1,0,0,0,0,1
2024-02-09 00:00:00+01:00,86.46,62598.5,0.0,19501.6,0.0,1.0,0.6339784927628866,0.7733506777097299,0,0,0,0,1,0,0,0,1
2024-02-09 01:00:00+01:00,73.55,62968.3,0.0,19604.5,0.25881904510252074,0.9659258262890683,0.6339784927628866,0.7733506777097299,0,0,0,0,1,0,0,0,1
2024-02-09 02:00:00+01:00,65.1,61166.4,0.0,18690.7,0.49999999999999994,0.8660254037844387,0.6339784927628866,0.7733506777097299,0,0,0,0,1,0,0,0,1
2024-02-09 03:00:00+01:00,68.78,56387.7,0.0,19481.8,0.7071067811865475,0.7071067811865476,0.6339784927628866,0.7733506777097299,0,0,0,0,1,0,0,0,1
2024-02-09 04:00:00+01:00,56.88,54647.5,0.0,18005.6,0.8660254037844386,0.5000000000000001,0.6339784927628866,0.7733506777097299,0,0,0,0,1,0,0,0,1
2024-02-09 05:00:00+01:00,49.5,51919.1,0.0,18866.0,0.9659258262890683,0.25881904510252074,0.6339784927628866,0.7733506777097299,0,0,0,0,1,0,0,0,1
2024-02-09 06:00:00+01:00,58.7,50119.9,0.0,20464.4,1.0,6.123233995736766e-17,0.6339784927628866,0.7733506777097299,0,0,0,0,1,0,0,0,1
2024-02-09 07:00:00+01:00,57.81,52419.5,65.9,19016.9,0.9659258262890683,-0.25881904510252063,0.6339784927628866,0.7733506777097299,0,0,0,0,1,0,0,0,1
2024-02-09 08:00:00+01:00,74.24,52757.3,3098.6,18253.8,0.8660254037844387,-0.49999999999999983,0.6339784927628866,0.7733506777097299,0,0,0,0,1,0,0,0,1
2024-02-09 09:00:00+01:00,56.17,57447.8,5624.6,17754.4,0.7071067811865476,-0.7071067811865475,0.6339784927628866,0.7733506777097299,0,0,0,0,1,0,0,0,1
2024-02-09 10:00:00+01:00,78.29,62026.5,6977.8,17144.5,0.49999999999999994,-0.8660254037844387,0.6339784927628866,0.7733506777097299,0,0,0,0,1,0,0,0,1
2024-02-09 11:00:00+01:00,67.59,63295.1,7686.3,16046.9,0.258819045102521,-0.9659258262890682,0.6339784927628866,0.7733506777097299,0,0,0,0,1,0,0,0,1
2024-02-09 12:00:00+01:00,63.08,66160.2,7975.8,20667.9,1.2246467991473532e-16,-1.0,0.6339784927628866,0.7733506777097299,0,0,0,0,1,0,0,0,1
2024-02-09 13:00:00+01:00,74.49,62989.0,7185.9,17851.3,-0.2588190451025208,-0.9659258262890683,0.6339784927628866,0.7733506777097299,0,0,0,0,1,0,0,0,1
2024-02-09 14:00:00+01:00,61.6,62428.0,5457.8,21303.6,-0.4999999999999998,-0.8660254037844388,0.6339784927628866,0.7733506777097299,0,0,0,0,1,0,0,0,1
2024-02-09 15:00:00+01:00,81.46,57534.6,2905.9,19807.1,-0.7071067811865471,-0.7071067811865479,0.6339784927628866,0.7733506777097299,0,0,0,0,1,0,0,0,1
2024-02-09 16:00:00+01:00,59.34,52519.2,0.0,18406.2,-0.8660254037844384,-0.5000000000000004,0.6339784927628866,0.7733506777097299,0,0,0,0,1,0,0,0,1
2024-02-09 17:00:00+01:00,55.34,49704.0,0.0,17973.7,-0.9659258262890683,-0.25881904510252063,0.6339784927628866,0.7733506777097299,0,0,0,0,1,0,0,0,1
2024-02-09 18:00:00+01:00,57.43,50256.9,274.1,19876.9,-1.0,-1.8369701987210297e-16,0.6339784927628866,0.7733506777097299,0,0,0,0,1,0,0,0,1
2024-02-09 19:00:00+01:00,44.42,50094.9,0.0,19354.6,-0.9659258262890684,0.2588190451025203,0.6339784927628866,0.7733506777097299,0,0,0,0,1,0,0,0,1
2024-02-09 20:00:00+01:00,53.62,51885.8,4.5,19438.8,-0.8660254037844386,0.5000000000000001,0.6339784927628866,0.7733506777097299,0,0,0,0,1,0,0,0,1
2024-02-09 21:00:00+01:00,67.12,56410.4,0.0,20286.1,-0.7071067811865477,0.7071067811865474,0.6339784927628866,0.7733506777097299,0,0,0,0,1,0,0,0,1
2024-02-09 22:00:00+01:00,63.46,60592.6,0.0,22255.7,-0.5000000000000004,0.8660254037844384,0.6339784927628866,0.7733506777097299,0,0,0,0,1,0,0,0,1
2024-02-09 23:00:00+01:00,66.91,63944.4,0.0,19737.2,-0.25881904510252157,0.9659258262890681,0.6339784927628866,0.7733506777097299,0,0,0,0,1,0,0,0,1
2024-02-10 00:00:00+01:00,77.66,64412.6,0.0,20563.1,0.0,1.0,0.647160667326606,0.7623536388483904,0,0,0,0,0,1,0,0,1
2024-02-10 01:00:00+01:00,68.42,63809.1,0.9,19199.5,0.25881904510252074,0.9659258262890683,0.647160667326606,0.7623536388483904,0,0,0,0,0,1,0,0,1
2024-02-10 02:00:00+01:00,69.67,60692.0,0.0,21291.9,0.49999999999999994,0.8660254037844387,0.647160667326606,0.7623536388483904,0,0,0,0,0,1,0,0,1
2024-02-10 03:00:00+01:00,62.75,55177.1,0.0,18798.1,0.7071067811865475,0.7071067811865476,0.647160667326606,0.7623536388483904,0,0,0,0,0,1,0,0,1
2024-02-10 04:00:00+01:00,59.25,53711.4,0.0,22300.2,0.8660254037844386,0.5000000000000001,0.647160667326606,0.7623536388483904,0,0,0,0,0,1,0,0,1
2024-02-10 05:00:00+01:00,70.89,51347.9,456.3,19083.2,0.9659258262890683,0.25881904510252074,0.647160667326606,0.7623536388483904,0,0,0,0,0,1,0,0,1
2024-02-10 06:00:00+01:00,57.18,48184.1,457.8,20611.8,1.0,6.123233995736766e-17,0.647160667326606,0.7623536388483904,0,0,0,0,0,1,0,0,1
2024-02-10 07:00:00+01:00,58.62,51641.7,870.9,19540.0,0.9659258262890683,-0.25881904510252063,0.647160667326606,0.7623536388483904,0,0,0,0,0,1,0,0,1
2024-02-10 08:00:00+01:00,52.25,53441.4,2568.6,21785.9,0.8660254037844387,-0.49999999999999983,0.647160667326606,0.7623536388483904,0,0,0,0,0,1,0,0,1
2024-02-10 09:00:00+01:00,52.8,56308.4,5135.7,22881.0,0.7071067811865476,-0.7071067811865475,0.647160667326606,0.7623536388483904,0,0,0,0,0,1,0,0,1
2024-02-10 10:00:00+01:00,52.59,62104.3,6754.4,21746.8,0.49999999999999994,-0.8660254037844387,0.647160667326606,0.7623536388483904,0,0,0,0,0,1,0,0,1
2024-02-10 11:00:00+01:00,63.42,62996.5,7709.7,21248.0,0.258819045102521,-0.9659258262890682,0.647160667326606,0.7623536388483904,0,0,0,0,0,1,0,0,1
2024-02-10 12:00:00+01:00,78.66,65155.0,7783.2,21940.2,1.2246467991473532e-16,-1.0,0.647160667326606,0.7623536388483904,0,0,0,0,0,1,0,0,1
2024-02-10 13:00:00+01:00,61.03,64794.6,6857.2,18880.4,-0.2588190451025208,-0.9659258262890683,0.647160667326606,0.7623536388483904,0,0,0,0,0,1,0,0,1
2024-02-10 14:00:00+01:00,60.01,62278.5,5393.7,23810.3,-0.4999999999999998,-0.8660254037844388,0.647160667326606,0.7623536388483904,0,0,0,0,0,1,0,0,1
2024-02-10 15:00:00+01:00,65.71,57822.6,2742.6,21787.2,-0.7071067811865471,-0.7071067811865479,0.647160667326606,0.7623536388483904,0,0,0,0,0,1,0,0,1
2024-02-10 16:00:00+01:00,74.0,53492.1,0.0,19336.6,-0.8660254037844384,-0.5000000000000004,0.647160667326606,0.7623536388483904,0,0,0,0,0,1,0,0,1
2024-02-10 17:00:00+01:00,76.85,52197.6,31.5,22497.3,-0.9659258262890683,-0.25881904510252063,0.647160667326606,0.7623536388483904,0,0,0,0,0,1,0,0,1
2024-02-10 18:00:00+01:00,60.03,52324.3,57.9,23134.8,-1.0,-1.8369701987210297e-16,0.647160667326606,0.7623536388483904,0,0,0,0,0,1,0,0,1
2024-02-10 19:00:00+01:00,56.92,50583.1,0.0,21295.7,-0.9659258262890684,0.2588190451025203,0.647160667326606,0.7623536388483904,0,0,0,0,0,1,0,0,1
2024-02-10 20:00:00+01:00,56.63,53876.7,163.6,22212.5,-0.8660254037844386,0.5000000000000001,0.647160667326606,0.7623536388483904,0,0,0,0,0,1,0,0,1
2024-02-10 21:00:00+01:00,69.09,59165.4,20.2,21129.4,-0.7071067811865477,0.7071067811865474,0.647160667326606,0.7623536388483904,0,0,0,0,0,1,0,0,1
2024-02-10 22:00:00+01:00,63.72,60345.6,0.0,21802.9,-0.5000000000000004,0.8660254037844384,0.647160667326606,0.7623536388483904,0,0,0,0,0,1,0,0,1
2024-02-10 23:00:00+01:00,65.27,63530.9,541.0,21758.7,-0.25881904510252157,0.9659258262890681,0.647160667326606,0.7623536388483904,0,0,0,0,0,1,0,0,1
2024-02-11 00:00:00+01:00,72.21,64117.8,0.0,23109.7,0.0,1.0,0.6601521206712317,0.7511319308705199,0,0,0,0,0,0,1,0,1
2024-02-11 01:00:00+01:00,68.61,62575.1,0.0,20955.0,0.25881904510252074,0.9659258262890683,0.6601521206712317,0.7511319308705199,0,0,0,0,0,0,1,0,1
2024-02-11 02:00:00+01:00,49.97,60193.0,0.0,26036.0,0.49999999999999994,0.8660254037844387,0.6601521206712317,0.7511319308705199,0,0,0,0,0,0,1,0,1
2024-02-11 03:00:00+01:00,73.28,59996.8,0.0,23599.3,0.7071067811865475,0.7071067811865476,0.6601521206712317,0.7511319308705199,0,0,0,0,0,0,1,0,1
2024-02-11 04:00:00+01:00,60.37,54158.0,0.0,22543.1,0.8660254037844386,0.5000000000000001,0.6601521206712317,0.7511319308705199,0,0,0,0,0,0,1,0,1
2024-02-11 05:00:00+01:00,47.89,50185.3,0.0,25817.6,0.9659258262890683,0.25881904510252074,0.6601521206712317,0.7511319308705199,0,0,0,0,0,0,1,0,1
2024-02-11 06:00:00+01:00,60.24,49273.6,0.0,23606.4,1.0,6.123233995736766e-17,0.6601521206712317,0.7511319308705199,0,0,0,0,0,0,1,0,1
2024-02-11 07:00:00+01:00,60.6,52178.5,0.0,24133.6,0.9659258262890683,-0.25881904510252063,0.6601521206712317,0.7511319308705199,0,0,0,0,0,0,1,0,1
2024-02-11 08:00:00+01:00,61.58,54388.7,2311.2,26583.1,0.8660254037844387,-0.49999999999999983,0.6601521206712317,0.7511319308705199,0,0,0,0,0,0,1,0,1
2024-02-11 09:00:00+01:00,54.88,55538.3,5095.0,27817.3,0.7071067811865476,-0.7071067811865475,0.6601521206712317,0.7511319308705199,0,0,0,0,0,0,1,0,1
2024-02-11 10:00:00+01:00,58.38,61411.8,6773.5,25383.7,0.49999999999999994,-0.8660254037844387,0.6601521206712317,0.7511319308705199,0,0,0,0,0,0,1,0,1
2024-02-11 11:00:00+01:00,68.0,65065.0,7850.0,26335.8,0.258819045102521,-0.9659258262890682,0.6601521206712317,0.7511319308705199,0,0,0,0,0,0,1,0,1
2024-02-11 12:00:00+01:00,72.23,65403.2,8108.6,27444.1,1.2246467991473532e-16,-1.0,0.6601521206712317,0.7511319308705199,0,0,0,0,0,0,1,0,1
2024-02-11 13:00:00+01:00,54.69,63739.4,7039.2,24025.3,-0.2588190451025208,-0.9659258262890683,0.6601521206712317,0.7511319308705199,0,0,0,0,0,0,1,0,1
2024-02-11 14:00:00+01:00,60.45,60843.2,5098.7,28123.1,-0.4999999999999998,-0.8660254037844388,0.6601521206712317,0.7511319308705199,0,0,0,0,0,0,1,0,1
2024-02-11 15:00:00+01:00,45.58,57049.3,2918.9,24333.3,-0.7071067811865471,-0.7071067811865479,0.6601521206712317,0.7511319308705199,0,0,0,0,0,0,1,0,1
